yw,ev_inp,ev_inp_total,ev_out,ev_out_total,ev_rods,rods_total,ev_oe,ev_rods_pct,ev_out_per_1k,ev_thr,ev_in_period
200701,,,,,148.0,,,,,12000.0,
200702,,,,,84.0,,,,,12000.0,
200703,,,,,80.0,,,,,12000.0,
200704,,,,,89.0,,,,,12000.0,
200705,,,,,66.0,,,,,12000.0,
200706,,,,,46.0,,,,,12000.0,
200707,,,,,75.0,,,,,12000.0,
200708,,,,,100.0,,,,,12000.0,
200709,,,,,42.0,,,,,12000.0,
200710,,,,,40.0,,,,,12000.0,
200711,,,,,34.0,,,,,12000.0,
200712,,,,,49.0,,,,,12000.0,
200713,,,,,79.0,,,,,12000.0,
200714,,,,,67.0,,,,,12000.0,
200715,,,,,61.0,,,,,12000.0,
200716,,,,,104.0,,,,,12000.0,
200717,,,,,105.0,,,,,12000.0,
200718,,,,,148.0,,,,,12000.0,
200719,,,,,190.0,,,,,12000.0,
200720,,,,,227.0,,,,,12000.0,
200721,,,,,280.0,,,,,12000.0,
200722,,,,,449.0,,,,,12000.0,
200723,,,,,462.0,,,,,12000.0,
200724,,,,,606.0,,,,,12000.0,
200725,,,,,792.0,,,,,12000.0,
200726,,,,,682.0,,,,,12000.0,
200727,,,,,750.0,,,,,12000.0,
200728,,,,,672.0,,,,,12000.0,
200729,,,,,790.0,,,,,12000.0,
200730,,,,,729.0,,,,,12000.0,
200731,,,,,726.0,,,,,12000.0,
200732,,,,,612.0,,,,,12000.0,
200733,,,,,491.0,,,,,12000.0,
200734,,,,,476.0,,,,,12000.0,
200735,,,,,464.0,,,,,12000.0,
200736,,,,,428.0,,,,,12000.0,
200737,,,,,401.0,,,,,12000.0,
200738,,,,,367.0,,,,,12000.0,
200739,,,,,465.0,,,,,12000.0,
200740,,,,,478.0,,,,,12000.0,
200741,,,,,521.0,,,,,12000.0,
200742,,,,,402.0,,,,,12000.0,
200743,,,,,314.0,,,,,12000.0,
200744,,,,,293.0,,,,,12000.0,
200745,,,,,233.0,,,,,12000.0,
200746,,,,,260.0,,,,,12000.0,
200747,,,,,292.0,,,,,12000.0,
200748,,,,,235.0,,,,,12000.0,
200749,,,,,220.0,,,,,12000.0,
200750,,,,,211.0,,,,,12000.0,
200751,,,,,242.0,,,,,12000.0,
200752,,,,,219.0,,,,,12000.0,
200753,,,,,,,,,,12000.0,
200801,,,,,213.0,,,,,12000.0,
200802,,,,,267.0,,,,,12000.0,
200803,,,,,239.0,,,,,12000.0,
200804,,,,,255.0,,,,,12000.0,
200805,,,,,226.0,,,,,12000.0,
200806,,,,,432.0,,,,,12000.0,
200807,,,,,185.0,,,,,12000.0,
200808,,,,,149.0,,,,,12000.0,
200809,,,,,173.0,,,,,12000.0,
200810,,,,,171.0,,,,,12000.0,
200811,,,,,186.0,,,,,12000.0,
200812,,,,,177.0,,,,,12000.0,
200813,,,,,188.0,,,,,12000.0,
200814,,,,,206.0,,,,,12000.0,
200815,,,,,284.0,,,,,12000.0,
200816,,,,,342.0,,,,,12000.0,
200817,,,,,411.0,,,,,12000.0,
200818,,,,,469.0,,,,,12000.0,
200819,,,,,780.0,,,,,12000.0,
200820,,,,,812.0,,,,,12000.0,
200821,,,,,852.0,,,,,12000.0,
200822,,,,,1173.0,,,,,12000.0,
200823,,,,,1521.0,,,,,12000.0,
200824,,,,,2076.0,,,,,12000.0,
200825,,,,,2487.0,,,,,12000.0,
200826,,,,,2440.0,,,,,12000.0,
200827,,,,,1822.0,,,,,12000.0,
200828,,,,,1147.0,,,,,12000.0,
200829,,,,,826.0,,,,,12000.0,
200830,,,,,599.0,,,,,12000.0,
200831,,,,,445.0,,,,,12000.0,
200832,,,,,322.0,,,,,12000.0,
200833,,,,,321.0,,,,,12000.0,
200834,,,,,253.0,,,,,12000.0,
200835,,,,,249.0,,,,,12000.0,
200836,,,,,208.0,,,,,12000.0,
200837,,,,,227.0,,,,,12000.0,
200838,,,,,229.0,,,,,12000.0,
200839,,,,,300.0,,,,,12000.0,
200840,,,,,237.0,,,,,12000.0,
200841,,,,,247.0,,,,,12000.0,
200842,,,,,257.0,,,,,12000.0,
200843,,,,,268.0,,,,,12000.0,
200844,,,,,259.0,,,,,12000.0,
200845,,,,,234.0,,,,,12000.0,
200846,,,,,250.0,,,,,12000.0,
200847,,,,,235.0,,,,,12000.0,
200848,,,,,203.0,,,,,12000.0,
200849,,,,,193.0,,,,,12000.0,
200850,,,,,176.0,,,,,12000.0,
200851,,,,,164.0,,,,,12000.0,
200852,,,,,137.0,,,,,12000.0,
200901,,,,,134.0,89474.0,,0.14976417730290364,,12000.0,
200902,,,,,118.0,86011.0,,0.13719175454302357,,12000.0,
200903,,,,,132.0,89839.0,,0.1469295072295996,,12000.0,
200904,,,,,133.0,102855.0,,0.12930824947741967,,12000.0,
200905,,,,,269.0,169974.0,,0.15825949851153706,,12000.0,
200906,,,,,110.0,106370.0,,0.10341261633919338,,12000.0,
200907,,,,,105.0,100749.0,,0.10421939671857786,,12000.0,
200908,,,,,97.0,92852.0,,0.10446732434411753,,12000.0,
200909,,,,,98.0,87119.0,,0.11248981278481159,,12000.0,
200910,,,,,129.0,79283.0,,0.16270827289582887,,12000.0,
200911,,,,,115.0,79615.0,,0.144445142247064,,12000.0,
200912,,,,,142.0,85332.0,,0.1664088501382834,,12000.0,
200913,,,,,197.0,82460.0,,0.23890371089012855,,12000.0,
200914,,,,,238.0,80769.0,,0.294667508573834,,12000.0,
200915,,,,,295.0,82006.0,,0.3597297758700583,,12000.0,
200916,,,,,406.0,84346.0,,0.48135062717852656,,12000.0,
200917,,,,,526.0,83873.0,,0.6271386501019398,,12000.0,
200918,,,,,528.0,85112.0,,0.620359056302284,,12000.0,
200919,,,,,461.0,90765.0,,0.5079050294717127,,12000.0,
200920,,,,,462.0,92441.0,,0.49977823692950096,,12000.0,
200921,,,,,562.0,90661.0,,0.619891684406746,,12000.0,
200922,,,,,700.0,93613.0,,0.7477593923920823,,12000.0,
200923,,,,,530.0,85889.0,,0.6170755277160055,,12000.0,
200924,,,,,567.0,87645.0,,0.6469279479719322,,12000.0,
200925,,,,,634.0,90196.0,,0.7029136547075259,,12000.0,
200926,,,,,636.0,88994.0,,0.714654920556442,,12000.0,
200927,,,,,783.0,91051.0,,0.8599576061767581,,12000.0,
200928,,,,,720.0,90156.0,,0.7986157327299348,,12000.0,
200929,,,,,654.0,90062.0,,0.7261664186893474,,12000.0,
200930,,,,,699.0,92552.0,,0.7552511020831533,,12000.0,
200931,,,,,716.0,96767.0,,0.7399216675106183,,12000.0,
200932,,,,,705.0,98992.0,,0.7121787619201552,,12000.0,
200933,,,,,483.0,98589.0,,0.48991266774183734,,12000.0,
200934,,,,,508.0,102858.0,,0.4938847731824457,,12000.0,
200935,,,,,451.0,114004.0,,0.3956001543805481,,12000.0,
200936,,,,,378.0,123024.0,,0.30725712056184157,,12000.0,
200937,,,,,318.0,123119.0,,0.2582866982350409,,12000.0,
200938,,,,,266.0,118424.0,,0.22461663176383165,,12000.0,
200939,,,,,280.0,115195.0,,0.24306610529970918,,12000.0,
200940,,,,,200.0,111634.0,,0.1791568876865471,,12000.0,
200941,,,,,181.0,107868.0,,0.16779767864426892,,12000.0,
200942,,,,,164.0,105604.0,,0.15529714783530926,,12000.0,
200943,,,,,160.0,107513.0,,0.14881921256034153,,12000.0,
200944,,,,,177.0,113430.0,,0.15604337476857974,,12000.0,
200945,,,,,144.0,109127.0,,0.13195634444271354,,12000.0,
200946,,,,,144.0,108780.0,,0.13237727523441808,,12000.0,
200947,,,,,151.0,104942.0,,0.14388900535533913,,12000.0,
200948,,,,,164.0,111395.0,,0.14722384308092823,,12000.0,
200949,,,,,171.0,103640.0,,0.1649942107294481,,12000.0,
200950,,,,,154.0,103210.0,,0.14921034783451215,,12000.0,
200951,,,,,149.0,93956.0,,0.15858486951338924,,12000.0,
200952,,,,,112.0,94776.0,,0.11817337722630201,,12000.0,
200953,,,,,158.0,101620.0,,0.15548120448730565,,12000.0,
201001,,,,,180.0,96205.0,,0.18710046255392132,,12000.0,
201002,,,,,172.0,95821.0,,0.17950136191440288,,12000.0,
201003,,,,,196.0,99526.0,,0.19693346462230976,,12000.0,
201004,,,,,199.0,97695.0,,0.203695173755054,,12000.0,
201005,,,,,207.0,96298.0,,0.21495773536314358,,12000.0,
201006,,,,,216.0,98711.0,,0.2188205975017982,,12000.0,
201007,,,,,410.0,123320.0,,0.3324683749594551,,12000.0,
201008,,,,,216.0,98886.0,,0.2184333474910503,,12000.0,
201009,,,,,335.0,102448.0,,0.326995158519444,,12000.0,
201010,,,,,263.0,91522.0,,0.2873626013417539,,12000.0,
201011,,,,,302.0,95890.0,,0.31494420690374386,,12000.0,
201012,,,,,400.0,97223.0,,0.4114252800263312,,12000.0,
201013,,,,,379.0,98002.0,,0.3867268014938471,,12000.0,
201014,,,,,494.0,104217.0,,0.47401095790514025,,12000.0,
201015,,,,,487.0,97707.0,,0.4984289764295291,,12000.0,
201016,,,,,577.0,99351.0,,0.5807691920564463,,12000.0,
201017,,,,,814.0,99322.0,,0.8195565937053221,,12000.0,
201018,,,,,948.0,106013.0,,0.894229952930301,,12000.0,
201019,,,,,1141.0,106714.0,,1.0692130367149577,,12000.0,
201020,,,,,1319.0,103223.0,,1.277815990622245,,12000.0,
201021,,,,,1569.0,102275.0,,1.5340992422390614,,12000.0,
201022,,,,,1460.0,97318.0,,1.5002363386012865,,12000.0,
201023,,,,,1468.0,99935.0,,1.4689548206334118,,12000.0,
201024,,,,,1797.0,107103.0,,1.6778241505840172,,12000.0,
201025,,,,,1876.0,104049.0,,1.802996665032821,,12000.0,
201026,,,,,2031.0,107711.0,,1.8856012849198318,,12000.0,
201027,,,,,2314.0,111026.0,,2.0841964945147984,,12000.0,
201028,,,,,1931.0,106787.0,,1.8082725425379493,,12000.0,
201029,,,,,1749.0,103369.0,,1.6919966334200776,,12000.0,
201030,,,,,1575.0,101233.0,,1.5558167791135302,,12000.0,
201031,,,,,1521.0,107526.0,,1.4145415992411137,,12000.0,
201032,,,,,1303.0,106892.0,,1.2189873891404408,,12000.0,
201033,,,,,1254.0,108102.0,,1.1600155408780597,,12000.0,
201034,,,,,1173.0,108019.0,,1.085920069617382,,12000.0,
201035,,,,,1125.0,103672.0,,1.0851531753993364,,12000.0,
201036,,,,,1245.0,105566.0,,1.1793569899399428,,12000.0,
201037,,,,,1285.0,109716.0,,1.1712056582449233,,12000.0,
201038,,,,,1636.0,115147.0,,1.4207925521290177,,12000.0,
201039,,,,,1460.0,107915.0,,1.3529166473613492,,12000.0,
201040,,,,,1448.0,101738.0,,1.423263677288722,,12000.0,
201041,,,,,1357.0,100699.0,,1.347580412913733,,12000.0,
201042,,,,,1264.0,97537.0,,1.2959184719644852,,12000.0,
201043,,,,,1087.0,92923.0,,1.1697857365775965,,12000.0,
201044,,,,,732.0,94077.0,,0.7780860359067572,,12000.0,
201045,,,,,631.0,95069.0,,0.6637284498627313,,12000.0,
201046,,,,,547.0,95458.0,,0.5730268809319282,,12000.0,
201047,,,,,464.0,96959.0,,0.478552790354686,,12000.0,
201048,,,,,423.0,101098.0,,0.4184059031830501,,12000.0,
201049,,,,,326.0,100201.0,,0.3253460544305945,,12000.0,
201050,,,,,216.0,99977.0,,0.2160496914290287,,12000.0,
201051,,,,,251.0,108928.0,,0.2304274383078731,,12000.0,
201052,,,,,207.0,113362.0,,0.18260087154425644,,12000.0,
201101,,,,,152.0,109222.0,,0.13916610206734906,,12000.0,
201102,,,,,155.0,120816.0,,0.12829426566017746,,12000.0,
201103,,,,,132.0,131571.0,,0.10032605969400551,,12000.0,
201104,,,,,105.0,134813.0,,0.07788566384547484,,12000.0,
201105,,,,,192.0,208111.0,,0.09225845822661945,,12000.0,
201106,,,,,173.0,153674.0,,0.11257597251324232,,12000.0,
201107,,,,,73.0,117561.0,,0.0620954228017795,,12000.0,
201108,,,,,69.0,118742.0,,0.05810917788145728,,12000.0,
201109,,,,,103.0,124852.0,,0.08249767724986384,,12000.0,
201110,,,,,65.0,111989.0,,0.05804141478180893,,12000.0,
201111,,,,,77.0,112794.0,,0.0682660425199922,,12000.0,
201112,,,,,83.0,107853.0,,0.0769565983329161,,12000.0,
201113,,,,,73.0,106947.0,,0.0682581091568721,,12000.0,
201114,,,,,126.0,120285.0,,0.10475121586232697,,12000.0,
201115,,,,,128.0,110190.0,,0.11616299119702332,,12000.0,
201116,,,,,120.0,101494.0,,0.1182335901629653,,12000.0,
201117,,,,,121.0,99502.0,,0.12160559586741974,,12000.0,
201118,,,,,161.0,99917.0,,0.16113374100503416,,12000.0,
201119,,,,,260.0,103886.0,,0.2502743391794852,,12000.0,
201120,,,,,296.0,97469.0,,0.3036863002595697,,12000.0,
201121,,,,,320.0,99468.0,,0.321711505207705,,12000.0,
201122,,,,,380.0,102919.0,,0.3692223981966401,,12000.0,
201123,,,,,554.0,115619.0,,0.4791599996540361,,12000.0,
201124,,,,,545.0,106706.0,,0.5107491612467903,,12000.0,
201125,,,,,549.0,103393.0,,0.5309837223022835,,12000.0,
201126,,,,,606.0,99724.0,,0.6076771890417553,,12000.0,
201127,,,,,714.0,102200.0,,0.6986301369863014,,12000.0,
201128,,,,,731.0,102636.0,,0.7122257297634358,,12000.0,
201129,,,,,793.0,103291.0,,0.7677338780726297,,12000.0,
201130,,,,,839.0,102907.0,,0.8152992507798303,,12000.0,
201131,,,,,922.0,103963.0,,0.8868539768956263,,12000.0,
201132,,,,,891.0,104332.0,,0.8540045240194762,,12000.0,
201133,,,,,773.0,102454.0,,0.754484939582642,,12000.0,
201134,,,,,762.0,103410.0,,0.7368726428778648,,12000.0,
201135,,,,,599.0,99507.0,,0.6019677007647704,,12000.0,
201136,,,,,598.0,102598.0,,0.5828573656406557,,12000.0,
201137,,,,,642.0,112727.0,,0.5695175068971942,,12000.0,
201138,,,,,572.0,102265.0,,0.5593311494646263,,12000.0,
201139,,,,,521.0,102862.0,,0.5065038595399661,,12000.0,
201140,,,,,503.0,98049.0,,0.5130088017215881,,12000.0,
201141,,,,,584.0,108186.0,,0.5398110661268556,,12000.0,
201142,,,,,512.0,101364.0,,0.5051102955684464,,12000.0,
201143,,,,,438.0,98821.0,,0.4432256301798201,,12000.0,
201144,,,,,453.0,100400.0,,0.45119521912350596,,12000.0,
201145,,,,,433.0,97012.0,,0.4463365356863068,,12000.0,
201146,,,,,602.0,99527.0,,0.604860992494499,,12000.0,
201147,,,,,633.0,99143.0,,0.6384717024903422,,12000.0,
201148,,,,,545.0,97521.0,,0.5588539904225757,,12000.0,
201149,,,,,475.0,99087.0,,0.4793767093564242,,12000.0,
201150,,,,,447.0,99932.0,,0.44730416683344676,,12000.0,
201151,,,,,490.0,101476.0,,0.48287279750877055,,12000.0,
201152,,,,,424.0,110526.0,,0.38362014367660097,,12000.0,
201201,,,,,502.0,119538.0,,0.41995014137763725,,12000.0,
201202,,,,,506.0,127763.0,,0.3960458035581506,,12000.0,
201203,,,,,523.0,131560.0,,0.3975372453633323,,12000.0,
201204,,,,,1125.0,202561.0,,0.5553882534150206,,12000.0,
201205,,,,,337.0,125296.0,,0.2689630953901162,,12000.0,
201206,,,,,273.0,114027.0,,0.23941698018890262,,12000.0,
201207,,,,,297.0,112828.0,,0.26323253093203813,,12000.0,
201208,,,,,357.0,109419.0,,0.3262687467441669,,12000.0,
201209,,,,,351.0,114590.0,,0.3063094510864822,,12000.0,
201210,,,,,325.0,113392.0,,0.2866163397770566,,12000.0,
201211,,,,,370.0,108871.0,,0.3398517511550367,,12000.0,
201212,,,,,422.0,111451.0,,0.3786417349328404,,12000.0,
201213,,,,,449.0,111721.0,,0.40189400381307006,,12000.0,
201214,,,,,485.0,118267.0,,0.4100890358257164,,12000.0,
201215,,,,,508.0,113480.0,,0.4476559746210786,,12000.0,
201216,,,,,682.0,114713.0,,0.5945272113884216,,12000.0,
201217,,,,,783.0,115299.0,,0.6791038950901569,,12000.0,
201218,,,,,1065.0,117775.0,,0.9042666100615581,,12000.0,
201219,,,,,1208.0,121314.0,,0.9957630611471059,,12000.0,
201220,,,,,1261.0,120868.0,,1.0432868914849256,,12000.0,
201221,,,,,1403.0,121840.0,,1.151510177281681,,12000.0,
201222,,,,,1310.0,121432.0,,1.0787930693721588,,12000.0,
201223,,,,,1335.0,125464.0,,1.0640502454887457,,12000.0,
201224,,,,,1396.0,122028.0,,1.143999737765103,,12000.0,
201225,,,,,1467.0,126340.0,,1.1611524457812252,,12000.0,
201226,,,,,1455.0,132712.0,,1.096359033094219,,12000.0,
201227,,,,,1298.0,133075.0,,0.9753898177719331,,12000.0,
201228,,,,,1093.0,130551.0,,0.8372207030202756,,12000.0,
201229,,,,,928.0,126682.0,,0.732542902701252,,12000.0,
201230,,,,,795.0,122913.0,,0.6467989553586684,,12000.0,
201231,,,,,655.0,119217.0,,0.5494182876603169,,12000.0,
201232,,,,,608.0,118917.0,,0.5112809774885004,,12000.0,
201233,,,,,511.0,120481.0,,0.42413326582614685,,12000.0,
201234,,,,,446.0,117021.0,,0.381128173575683,,12000.0,
201235,,,,,397.0,113371.0,,0.3501777350468815,,12000.0,
201236,,,,,323.0,116963.0,,0.2761557073604473,,12000.0,
201237,,,,,346.0,118792.0,,0.29126540507778304,,12000.0,
201238,,,,,306.0,118205.0,,0.2588722981261368,,12000.0,
201239,,,,,284.0,116619.0,,0.24352807004004492,,12000.0,
201240,,,,,302.0,121982.0,,0.24757751143611353,,12000.0,
201241,,,,,261.0,126878.0,,0.20570942164914327,,12000.0,
201242,,,,,208.0,119982.0,,0.17335933723391841,,12000.0,
201243,,,,,175.0,121184.0,,0.14440850277264325,,12000.0,
201244,,,,,220.0,114409.0,,0.19229256439615763,,12000.0,
201245,,,,,223.0,114993.0,,0.19392484759941908,,12000.0,
201246,,,,,184.0,115170.0,,0.15976382738560388,,12000.0,
201247,,,,,154.0,112242.0,,0.13720354234600238,,12000.0,
201248,,,,,188.0,111627.0,,0.16841803506320155,,12000.0,
201249,,,,,224.0,110723.0,,0.20230665715343696,,12000.0,
201250,,,,,203.0,116489.0,,0.17426538128063593,,12000.0,
201251,,,,,253.0,118170.0,,0.2140983329102141,,12000.0,
201252,,,,,263.0,115080.0,,0.22853667014250956,,12000.0,
201301,,,,,279.0,122096.0,,0.22850871445419998,,12000.0,
201302,,,,,243.0,115761.0,,0.20991525643351389,,12000.0,
201303,,,,,284.0,114079.0,,0.24895028883493017,,12000.0,
201304,,,,,272.0,118697.0,,0.2291549070321912,,12000.0,
201305,,,,,260.0,116620.0,,0.22294632138569714,,12000.0,
201306,,,,,315.0,123771.0,,0.25450226628208544,,12000.0,
201307,,,,,636.0,172817.0,,0.3680193499482111,,12000.0,
201308,,,,,273.0,121076.0,,0.22547821203211207,,12000.0,
201309,,,,,242.0,116634.0,,0.20748666769552618,,12000.0,
201310,,,,,245.0,110123.0,,0.22247850131216912,,12000.0,
201311,,,,,255.0,114768.0,,0.22218736930154748,,12000.0,
201312,,,,,298.0,115668.0,,0.25763391776463673,,12000.0,
201313,,,,,367.0,110988.0,,0.3306663783472087,,12000.0,
201314,,,,,435.0,115208.0,,0.3775779459759739,,12000.0,
201315,,,,,409.0,112502.0,,0.3635490924605785,,12000.0,
201316,,,,,479.0,119019.0,,0.4024567506028449,,12000.0,
201317,,,,,599.0,115418.0,,0.5189831742015977,,12000.0,
201318,,,,,774.0,116620.0,,0.6636940490481907,,12000.0,
201319,,,,,912.0,117244.0,,0.7778649653713623,,12000.0,
201320,,,,,1245.0,117816.0,,1.0567325320839276,,12000.0,
201321,,,,,1788.0,117461.0,,1.5222073709571688,,12000.0,
201322,,,,,2174.0,122767.0,,1.7708341818241058,,12000.0,
201323,,,,,2344.0,123301.0,,1.901038921014428,,12000.0,
201324,,,,,2515.0,127124.0,,1.9783833107831723,,12000.0,
201325,,,,,2120.0,119916.0,,1.7679041996063911,,12000.0,
201326,,,,,1958.0,119630.0,,1.6367131990303436,,12000.0,
201327,,,,,1837.0,119349.0,,1.5391834032962153,,12000.0,
201328,,,,,1499.0,115460.0,,1.2982851203880132,,12000.0,
201329,,,,,1141.0,115710.0,,0.9860859044162129,,12000.0,
201330,,,,,964.0,113491.0,,0.8494065608726683,,12000.0,
201331,,,,,980.0,114737.0,,0.8541272649624794,,12000.0,
201332,,,,,828.0,116158.0,,0.7128221904647118,,12000.0,
201333,,,,,779.0,114384.0,,0.6810393061966709,,12000.0,
201334,,,,,612.0,109070.0,,0.5611075456129091,,12000.0,
201335,,,,,576.0,111004.0,,0.5189002198118987,,12000.0,
201336,,,,,527.0,110056.0,,0.4788471323689758,,12000.0,
201337,,,,,493.0,116449.0,,0.4233612997964774,,12000.0,
201338,,,,,573.0,121741.0,,0.4706713432615142,,12000.0,
201339,,,,,544.0,116486.0,,0.46700891094208746,,12000.0,
201340,,,,,558.0,111917.0,,0.49858377190239195,,12000.0,
201341,,,,,604.0,116031.0,,0.520550542527428,,12000.0,
201342,,,,,565.0,111994.0,,0.5044913120345733,,12000.0,
201343,,,,,421.0,106734.0,,0.39443851069012686,,12000.0,
201344,,,,,383.0,110526.0,,0.34652479959466553,,12000.0,
201345,,,,,452.0,109765.0,,0.4117888215733613,,12000.0,
201346,,,,,508.0,107908.0,,0.4707713978574341,,12000.0,
201347,,,,,486.0,104535.0,,0.46491605682307363,,12000.0,
201348,,,,,369.0,103397.0,,0.3568768919794578,,12000.0,
201349,,,,,322.0,106825.0,,0.30142756845307744,,12000.0,
201350,,,,,311.0,107702.0,,0.28875972591038235,,12000.0,
201351,,,,,333.0,101933.0,,0.326685175556493,,12000.0,
201352,,,,,289.0,104649.0,,0.27616126288832193,,12000.0,
201401,,,,,387.0,123134.0,,0.31429174720223496,,12000.0,
201402,,,,,343.0,120569.0,,0.28448440312186385,,12000.0,
201403,,,,,291.0,118316.0,,0.2459515196592177,,12000.0,
201404,,,,,254.0,126506.0,,0.20078099062495058,,12000.0,
201405,,,,,488.0,181705.0,,0.268567183071462,,12000.0,
201406,,,,,320.0,163568.0,,0.19563728846718184,,12000.0,
201407,,,,,145.0,118378.0,,0.1224889759921607,,12000.0,
201408,,,,,215.0,125743.0,,0.17098367304740622,,12000.0,
201409,,,,,216.0,134958.0,,0.16004979326901703,,12000.0,
201410,,,,,216.0,119963.0,,0.18005551711777798,,12000.0,
201411,,,,,205.0,116969.0,,0.17526011165351504,,12000.0,
201412,,,,,203.0,123171.0,,0.16481152219272394,,12000.0,
201413,,,,,209.0,125358.0,,0.16672250674069464,,12000.0,
201414,,,,,341.0,124566.0,,0.2737504616026845,,12000.0,
201415,,,,,362.0,121967.0,,0.2968015938737527,,12000.0,
201416,,,,,490.0,121981.0,,0.40170190439494674,,12000.0,
201417,,,,,551.0,118833.0,,0.46367591493945287,,12000.0,
201418,,,,,746.0,115851.0,,0.6439305659856195,,12000.0,
201419,,,,,804.0,112856.0,,0.7124122775926844,,12000.0,
201420,,,,,1064.0,124772.0,,0.8527554258968358,,12000.0,
201421,,,,,1482.0,121526.0,,1.2194921251419448,,12000.0,
201422,,,,,1890.0,124899.0,,1.5132226839286143,,12000.0,
201423,,,,,2195.0,133078.0,,1.6494086175025173,,12000.0,
201424,,,,,1897.0,123306.0,,1.5384490616839408,,12000.0,
201425,,,,,1663.0,125728.0,,1.3226966149147366,,12000.0,
201426,,,,,1443.0,124621.0,,1.157910785501641,,12000.0,
201427,,,,,1303.0,123880.0,,1.0518243461414272,,12000.0,
201428,,,,,1008.0,122903.0,,0.8201589871687428,,12000.0,
201429,,,,,792.0,122259.0,,0.6478050695654307,,12000.0,
201430,,,,,670.0,118685.0,,0.5645195264776509,,12000.0,
201431,,,,,480.0,113116.0,,0.424343152162382,,12000.0,
201432,,,,,476.0,114754.0,,0.4148003555431619,,12000.0,
201433,,,,,393.0,114603.0,,0.34292296013193374,,12000.0,
201434,,,,,401.0,115457.0,,0.3473154507738812,,12000.0,
201435,,,,,311.0,117590.0,,0.26447827196190155,,12000.0,
201436,,,,,297.0,118186.0,,0.25129880019630074,,12000.0,
201437,,,,,355.0,132193.0,,0.2685467460455546,,12000.0,
201438,,,,,307.0,123442.0,,0.2486997942353494,,12000.0,
201439,,,,,297.0,115452.0,,0.25724976613657624,,12000.0,
201440,,,,,312.0,116328.0,,0.2682071384361461,,12000.0,
201441,,,,,232.0,116692.0,,0.19881397182326124,,12000.0,
201442,,,,,203.0,112638.0,,0.18022337044336725,,12000.0,
201443,,,,,180.0,114002.0,,0.15789196680759987,,12000.0,
201444,,,,,172.0,112786.0,,0.15250119695706915,,12000.0,
201445,,,,,165.0,107540.0,,0.15343128138367118,,12000.0,
201446,,,,,168.0,107473.0,,0.15631833111572208,,12000.0,
201447,,,,,167.0,107473.0,,0.15538786485908088,,12000.0,
201448,,,,,177.0,110727.0,,0.15985261047441005,,12000.0,
201449,,,,,177.0,103854.0,,0.1704315673926859,,12000.0,
201450,,,,,171.0,103820.0,,0.16470814871893663,,12000.0,
201451,,,,,160.0,104419.0,,0.15322881851004128,,12000.0,
201452,,,,,171.0,107885.0,,0.1585021087268851,,12000.0,
201453,,,,,213.0,119835.0,,0.1777443985480035,,12000.0,
201501,,,,,158.0,118418.0,,0.13342566163927783,,12000.0,
201502,,,,,155.0,117553.0,,0.13185541840701642,,12000.0,
201503,,,,,158.0,119351.0,,0.13238263609018777,,12000.0,
201504,,,,,186.0,124122.0,,0.14985256441243294,,12000.0,
201505,,,,,192.0,122779.0,,0.15637853378835143,,12000.0,
201506,,,,,158.0,124722.0,,0.12668174019018297,,12000.0,
201507,,,,,329.0,194253.0,,0.16936675366661003,,12000.0,
201508,,,,,168.0,152593.0,,0.11009679343089132,,12000.0,
201509,,,,,144.0,126807.0,,0.1135583997728832,,12000.0,
201510,,,,,114.0,121084.0,,0.09414951603845265,,12000.0,
201511,,,,,186.0,129357.0,,0.1437881212458545,,12000.0,
201512,,,,,233.0,119128.0,,0.19558793902357127,,12000.0,
201513,,,,,279.0,129539.0,,0.21537915222442663,,12000.0,
201514,,,,,349.0,123513.0,,0.28256134981742814,,12000.0,
201515,,,,,314.0,119486.0,,0.2627922936578344,,12000.0,
201516,,,,,307.0,122032.0,,0.2515733578077881,,12000.0,
201517,,,,,427.0,124511.0,,0.3429415874902619,,12000.0,
201518,,,,,465.0,122697.0,,0.37898237120712,,12000.0,
201519,,,,,636.0,126356.0,,0.5033397701731616,,12000.0,
201520,,,,,740.0,124850.0,,0.5927112535042051,,12000.0,
201521,,,,,736.0,123239.0,,0.5972135444137002,,12000.0,
201522,,,,,1041.0,134940.0,,0.7714539795464651,,12000.0,
201523,,,,,1029.0,136155.0,,0.7557563071499394,,12000.0,
201524,,,,,1058.0,139151.0,,0.7603251144440213,,12000.0,
201525,,,,,1015.0,134251.0,,0.7560465098956433,,12000.0,
201526,,,,,924.0,123562.0,,0.7478027225198686,,12000.0,
201527,,,,,918.0,119723.0,,0.7667699606591883,,12000.0,
201528,,,,,777.0,120342.0,,0.645659869372289,,12000.0,
201529,,,,,694.0,117212.0,,0.5920895471453435,,12000.0,
201530,,,,,620.0,118872.0,,0.5215694192072144,,12000.0,
201531,,,,,641.0,119306.0,,0.5372739007258646,,12000.0,
201532,,,,,523.0,122037.0,,0.4285585519145833,,12000.0,
201533,,,,,550.0,116890.0,,0.4705278466934725,,12000.0,
201534,,,,,537.0,112761.0,,0.47622848325218825,,12000.0,
201535,,,,,607.0,115338.0,,0.5262792834971995,,12000.0,
201536,,,,,669.0,121721.0,,0.5496175680449553,,12000.0,
201537,,,,,666.0,124144.0,,0.5364737723933497,,12000.0,
201538,,,,,682.0,125530.0,,0.5432964231657771,,12000.0,
201539,,,,,790.0,134713.0,,0.5864318959565892,,12000.0,
201540,,,,,732.0,125065.0,,0.5852956462639427,,12000.0,
201541,,,,,726.0,117571.0,,0.6174992132413606,,12000.0,
201542,,,,,578.0,116025.0,,0.4981684981684982,,12000.0,
201543,,,,,722.0,116612.0,,0.6191472575721195,,12000.0,
201544,,,,,677.0,116894.0,,0.5791571851420946,,12000.0,
201545,,,,,729.0,118775.0,,0.6137655230477794,,12000.0,
201546,,,,,819.0,122501.0,,0.6685659708900336,,12000.0,
201547,,,,,700.0,115824.0,,0.6043652438182069,,12000.0,
201548,,,,,598.0,114348.0,,0.5229649840836744,,12000.0,
201549,,,,,507.0,111884.0,,0.45314790318544207,,12000.0,
201550,,,,,440.0,111577.0,,0.3943465051040985,,12000.0,
201551,,,,,452.0,114510.0,,0.3947253514976858,,12000.0,
201552,,,,,466.0,105693.0,,0.4408995865383706,,12000.0,
201601,83.0,22722.0,7919.0,4648190.0,323.0,97552.0,8242.0,0.3311054617024766,1.7036739031752144,11000.0,False
201602,86.0,25750.0,7610.0,4551520.0,361.0,114465.0,7971.0,0.31538024723714675,1.6719689246669245,11000.0,False
201603,73.0,28096.0,6722.0,4648967.0,340.0,119689.0,7062.0,0.28406954690907266,1.445912608112727,11000.0,False
201604,45.0,29532.0,5388.0,4929722.0,290.0,124402.0,5678.0,0.23311522322792239,1.0929622400614072,11000.0,False
201605,35.0,25133.0,5323.0,6169206.0,263.0,135512.0,5586.0,0.1940787531731507,0.8628338881859351,11000.0,False
201606,35.0,18543.0,2158.0,2001366.0,640.0,241687.0,2798.0,0.2648053060363197,1.0782635459980834,11000.0,False
201607,28.0,35005.0,3619.0,5816028.0,197.0,155787.0,3816.0,0.12645471059844532,0.6222459726810119,11000.0,False
201608,16.0,31727.0,3140.0,5554205.0,171.0,151461.0,3311.0,0.11290035058529918,0.5653374335300911,11000.0,False
201609,21.0,28458.0,2712.0,5623079.0,138.0,154377.0,2850.0,0.08939155444139996,0.48229804347404687,11000.0,False
201610,20.0,30646.0,2697.0,5213619.0,171.0,145112.0,2868.0,0.11784001323115938,0.5172990201240252,11000.0,False
201611,24.0,31336.0,3178.0,5220802.0,199.0,140713.0,3377.0,0.1414226119832567,0.6087187370829232,11000.0,False
201612,28.0,28402.0,3778.0,4582331.0,271.0,131731.0,4049.0,0.20572226734785282,0.8244712134500978,11000.0,False
201613,41.0,31475.0,4024.0,5378256.0,300.0,140863.0,4324.0,0.21297288855128743,0.7481979288453358,11000.0,False
201614,48.0,27642.0,4417.0,4499236.0,384.0,154596.0,4801.0,0.2483893503066056,0.9817222301741896,11000.0,False
201615,59.0,32231.0,6006.0,4929810.0,411.0,125282.0,6417.0,0.3280598968726553,1.218302530929184,11000.0,False
201616,121.0,32626.0,8129.0,4886886.0,518.0,125332.0,8647.0,0.41330226917307633,1.6634314776321772,11000.0,False
201617,111.0,34827.0,10340.0,4945788.0,603.0,125315.0,10943.0,0.48118740773251406,2.09066785717463,11000.0,False
201618,148.0,31971.0,12210.0,4714375.0,727.0,125602.0,12937.0,0.5788124392923679,2.589950947898714,11000.0,True
201619,230.0,33326.0,15761.0,4778448.0,974.0,124353.0,16735.0,0.7832541233424204,3.2983512638413144,11000.0,True
201620,226.0,32751.0,17848.0,4694631.0,1072.0,121179.0,18920.0,0.8846417283522723,3.8017897466275836,11000.0,True
201621,242.0,33432.0,19371.0,4605660.0,1085.0,121669.0,20456.0,0.8917637195998981,4.205911856281184,11000.0,True
201622,292.0,34038.0,23496.0,4538749.0,1372.0,128270.0,24868.0,1.0696187729009121,5.176756855247999,11000.0,True
201623,299.0,29418.0,23847.0,3994082.0,1583.0,131033.0,25430.0,1.2080926178901499,5.97058347825608,11000.0,True
201624,303.0,35855.0,24944.0,4597485.0,1316.0,122589.0,26260.0,1.0735057794745042,5.425575069847971,11000.0,True
201625,346.0,35447.0,24706.0,4569588.0,1437.0,124961.0,26143.0,1.1499587871415882,5.406614338097877,11000.0,True
201626,300.0,35698.0,22987.0,4447351.0,1289.0,124589.0,24276.0,1.0346017706218045,5.168694802816328,11000.0,True
201627,232.0,32933.0,18772.0,3990792.0,1151.0,125291.0,19923.0,0.9186613563623883,4.703828212545279,11000.0,True
201628,157.0,34454.0,14295.0,4511092.0,806.0,121599.0,15101.0,0.6628343983091967,3.1688557892412748,11000.0,True
201629,147.0,33908.0,11920.0,4435745.0,703.0,120726.0,12623.0,0.5823103556814605,2.6872599754945337,11000.0,True
201630,127.0,34561.0,10251.0,4319041.0,593.0,121024.0,10844.0,0.48998545742993127,2.373443549158251,11000.0,True
201631,102.0,33604.0,8672.0,4469968.0,505.0,117052.0,9177.0,0.43143218398660427,1.940058631292215,11000.0,False
201632,90.0,32743.0,7511.0,4410038.0,425.0,115065.0,7936.0,0.36935645070177725,1.7031599274201266,11000.0,False
201633,96.0,32262.0,7215.0,4427092.0,445.0,117565.0,7660.0,0.3785140135244333,1.6297379860188133,11000.0,False
201634,85.0,33225.0,6976.0,4551633.0,435.0,120061.0,7411.0,0.36231582279008173,1.5326367481736773,11000.0,False
201635,97.0,33780.0,6673.0,4543493.0,385.0,117087.0,7058.0,0.32881532535635893,1.468693800122505,11000.0,False
201636,81.0,34996.0,6425.0,4541555.0,377.0,116732.0,6802.0,0.32296199842373985,1.414713682868533,11000.0,False
201637,92.0,28185.0,6548.0,3879962.0,520.0,131715.0,7068.0,0.394791785294006,1.6876453944652035,11000.0,False
201638,123.0,36546.0,8223.0,5079536.0,585.0,125953.0,8808.0,0.4644589648519686,1.6188486507429025,11000.0,False
201639,100.0,33246.0,7809.0,4041108.0,530.0,128415.0,8339.0,0.4127243702059728,1.9323908195475101,11000.0,False
201640,110.0,33584.0,8222.0,4915769.0,460.0,119005.0,8682.0,0.38653838074030505,1.6725765592321364,11000.0,False
201641,107.0,31341.0,8473.0,4475135.0,578.0,124671.0,9051.0,0.4636202484940363,1.8933507033866017,11000.0,False
201642,136.0,34555.0,10150.0,4813297.0,642.0,123095.0,10792.0,0.5215483975791055,2.1087416795597695,11000.0,False
201643,189.0,34338.0,12038.0,4811165.0,771.0,124430.0,12809.0,0.6196254922446356,2.5020966855221136,11000.0,True
201644,167.0,33241.0,12878.0,4932472.0,725.0,118348.0,13603.0,0.6126001284347855,2.6108612476664845,11000.0,True
201645,153.0,32974.0,12037.0,4804756.0,718.0,118335.0,12755.0,0.6067520175772172,2.5052260718338246,11000.0,True
201646,159.0,34603.0,12775.0,4882965.0,665.0,121874.0,13440.0,0.5456455027323301,2.6162382896457377,11000.0,True
201647,178.0,33953.0,15130.0,4653734.0,861.0,114931.0,15991.0,0.7491451392574675,3.2511527302591854,11000.0,True
201648,199.0,34372.0,16590.0,4833707.0,802.0,109178.0,17392.0,0.7345802267856162,3.432148452523084,11000.0,True
201649,233.0,34444.0,16748.0,4834731.0,793.0,115304.0,17541.0,0.6877471726913204,3.46410172561824,11000.0,True
201650,224.0,33794.0,15943.0,4820722.0,833.0,113507.0,16776.0,0.7338754438052278,3.307180957541215,11000.0,True
201651,206.0,33867.0,13836.0,4808387.0,733.0,116931.0,14569.0,0.6268654163566548,2.877472216774565,11000.0,True
201652,171.0,33316.0,13349.0,4826377.0,693.0,113473.0,14042.0,0.6107179681510139,2.7658427843494198,11000.0,True
201701,129.0,31815.0,11487.0,4690563.0,603.0,121801.0,12090.0,0.4950698270129145,2.448959751739823,11000.0,True
201702,146.0,32972.0,11415.0,4785719.0,554.0,114147.0,11969.0,0.4853390803087247,2.385221530975805,11000.0,True
201703,106.0,32114.0,9713.0,5023754.0,464.0,110961.0,10177.0,0.41816494083506817,1.933414733285109,11000.0,True
201704,57.0,20937.0,6872.0,4621111.0,535.0,134462.0,7407.0,0.3978819294670613,1.4870882781218628,11000.0,False
201705,72.0,25919.0,3949.0,3214352.0,616.0,154662.0,4565.0,0.39828787937567084,1.228552442296301,11000.0,False
201706,59.0,35060.0,4069.0,4906703.0,273.0,112816.0,4342.0,0.24198695220536093,0.829273750622363,11000.0,False
201707,26.0,35245.0,3402.0,4884996.0,213.0,117655.0,3615.0,0.18103777994985337,0.696418175163296,11000.0,False
201708,38.0,35571.0,3168.0,4857464.0,217.0,114717.0,3385.0,0.18916115309849454,0.6521921727057576,11000.0,False
201709,36.0,31913.0,2845.0,4533934.0,203.0,117006.0,3048.0,0.1734953763054886,0.6274903869354957,11000.0,False
201710,38.0,34504.0,2616.0,4894339.0,142.0,113367.0,2758.0,0.12525690897703917,0.5344950564315222,11000.0,False
201711,31.0,33950.0,2684.0,4917957.0,207.0,114672.0,2891.0,0.180514859773964,0.5457550767523994,11000.0,False
201712,26.0,34190.0,2723.0,4961302.0,206.0,113919.0,2929.0,0.18083023902948586,0.5488478629198545,11000.0,False
201713,36.0,34478.0,2842.0,4952304.0,184.0,111723.0,3026.0,0.16469303545375616,0.5738743017391501,11000.0,False
201714,37.0,29659.0,2386.0,4549085.0,202.0,126779.0,2588.0,0.15933238154583962,0.524501080986616,11000.0,False
201715,25.0,35574.0,2560.0,4908880.0,224.0,116457.0,2784.0,0.19234567265170835,0.5215038868336566,11000.0,False
201716,38.0,34576.0,2915.0,4685231.0,170.0,113734.0,3085.0,0.14947157402359892,0.6221678290782248,11000.0,False
201717,53.0,34402.0,3172.0,4674850.0,216.0,111712.0,3388.0,0.19335433973073618,0.6785244446345872,11000.0,False
201718,44.0,34990.0,3273.0,4846074.0,202.0,119985.0,3475.0,0.16835437763053715,0.675392080269513,11000.0,False
201719,51.0,35657.0,3530.0,4776335.0,231.0,120169.0,3761.0,0.19222927710141552,0.739060388352157,11000.0,False
201720,71.0,35887.0,4221.0,4722854.0,258.0,118016.0,4479.0,0.2186144251626898,0.8937392517321094,11000.0,False
201721,79.0,36223.0,4563.0,4725060.0,286.0,121102.0,4849.0,0.23616455549867055,0.9657020228314561,11000.0,False
201722,74.0,32087.0,4595.0,4024980.0,339.0,129954.0,4934.0,0.2608615356202964,1.1416205794811403,11000.0,False
201723,112.0,35726.0,5962.0,4814279.0,404.0,129526.0,6366.0,0.3119064898167163,1.2383993532572584,11000.0,False
201724,132.0,35928.0,7124.0,4551529.0,481.0,129052.0,7605.0,0.37271797414995506,1.565188313641416,11000.0,False
201725,140.0,35968.0,8245.0,4835149.0,549.0,136191.0,8794.0,0.40311033768751237,1.7052214936913008,11000.0,False
201726,144.0,37412.0,9187.0,4699902.0,620.0,140084.0,9807.0,0.44259158790440023,1.9547216090888704,11000.0,False
201727,136.0,36457.0,9733.0,4766200.0,678.0,135751.0,10411.0,0.49944383466788456,2.042088036590995,11000.0,False
201728,152.0,36567.0,9995.0,4707809.0,654.0,134556.0,10649.0,0.4860429858200303,2.123068289304005,11000.0,False
201729,178.0,37042.0,10599.0,4622943.0,684.0,132351.0,11283.0,0.5168075798445044,2.292695367431526,11000.0,True
201730,189.0,36275.0,10443.0,4484381.0,753.0,127854.0,11196.0,0.5889530245436201,2.328749497422275,11000.0,True
201731,200.0,35545.0,10008.0,4379439.0,736.0,124634.0,10744.0,0.5905290691143669,2.285224203373994,11000.0,True
201732,178.0,35982.0,10986.0,4527927.0,775.0,126852.0,11761.0,0.6109481915933529,2.4262758653131997,11000.0,True
201733,189.0,36754.0,11751.0,4483037.0,846.0,126655.0,12597.0,0.6679562591291304,2.6212141456784765,11000.0,True
201734,197.0,34541.0,12041.0,4387504.0,812.0,123308.0,12853.0,0.658513640639699,2.7443849623840797,11000.0,True
201735,226.0,34280.0,12867.0,4469896.0,807.0,119298.0,13674.0,0.6764572750590957,2.878590463849718,11000.0,True
201736,233.0,33102.0,14839.0,4601318.0,932.0,119822.0,15771.0,0.7778204336432375,3.224945548210317,11000.0,True
201737,240.0,33465.0,16764.0,4716636.0,975.0,121583.0,17739.0,0.801921321237344,3.554228055758384,11000.0,True
201738,246.0,34681.0,16506.0,4721416.0,914.0,121138.0,17420.0,0.7545113837111393,3.4959851027742523,11000.0,True
201739,244.0,36841.0,15588.0,4680567.0,946.0,124157.0,16534.0,0.7619385133339239,3.330365744150228,11000.0,True
201740,223.0,31940.0,15017.0,4484338.0,1061.0,127131.0,16078.0,0.8345722129142381,3.348766306197258,11000.0,True
201741,210.0,30710.0,14368.0,4054731.0,1035.0,126767.0,15403.0,0.816458542049587,3.5435149705368865,11000.0,True
201742,192.0,34641.0,14162.0,4641345.0,846.0,117044.0,15008.0,0.7228050989371518,3.0512706984721025,11000.0,True
201743,177.0,34663.0,14216.0,4780103.0,806.0,114325.0,15022.0,0.7050076536190685,2.9739944934240956,11000.0,True
201744,145.0,34910.0,11085.0,4848770.0,591.0,113037.0,11676.0,0.5228376549271477,2.2861467959915607,11000.0,True
201745,128.0,34820.0,9705.0,4761894.0,516.0,115371.0,10221.0,0.44725277582754763,2.0380546060034095,11000.0,True
201746,125.0,34273.0,10446.0,4660424.0,575.0,114303.0,11021.0,0.50304891385178,2.2414269602937416,11000.0,True
201747,116.0,34095.0,10147.0,4669581.0,486.0,107898.0,10633.0,0.4504254017683368,2.1730001042920124,11000.0,True
201748,117.0,35321.0,9748.0,4801047.0,427.0,111869.0,10175.0,0.3816964485246136,2.030390454415464,11000.0,False
201749,111.0,34231.0,8746.0,4712414.0,412.0,107326.0,9158.0,0.3838771593090211,1.8559489892017127,11000.0,False
201750,78.0,35101.0,7286.0,4928711.0,314.0,111736.0,7600.0,0.2810195460728861,1.478276977489652,11000.0,False
201751,93.0,34631.0,6947.0,4964930.0,309.0,114127.0,7256.0,0.27075100545883096,1.3992140876105001,11000.0,False
201752,60.0,35340.0,6541.0,5276265.0,259.0,120845.0,6800.0,0.21432413422152344,1.2397027063652035,11000.0,False
201801,78.0,33103.0,5440.0,4681267.0,304.0,128239.0,5744.0,0.23705736944299316,1.1620785569376837,11000.0,False
201802,66.0,35230.0,5074.0,4834629.0,260.0,115701.0,5334.0,0.2247171588836743,1.0495117619159609,11000.0,False
201803,54.0,36399.0,4753.0,5239871.0,232.0,128018.0,4985.0,0.18122451530253558,0.9070833995722414,11000.0,False
201804,75.0,36397.0,4903.0,5181486.0,274.0,129954.0,5177.0,0.2108438370500331,0.9462536422948937,11000.0,False
201805,69.0,35788.0,4253.0,4821654.0,237.0,115792.0,4490.0,0.2046773524941274,0.8820624623832403,11000.0,False
201806,43.0,33528.0,3476.0,5078150.0,196.0,121650.0,3672.0,0.1611179613645705,0.6845012455323297,11000.0,False
201807,29.0,19942.0,2524.0,3853103.0,383.0,177434.0,2907.0,0.2158549094311124,0.6550564570944509,11000.0,False
201808,38.0,33650.0,3127.0,4363686.0,384.0,168976.0,3511.0,0.22725120727203862,0.7165960153869917,11000.0,False
201809,50.0,36060.0,3211.0,5083462.0,245.0,137357.0,3456.0,0.1783673201948208,0.63165614299861,11000.0,False
201810,39.0,36345.0,3466.0,5209293.0,201.0,127896.0,3667.0,0.15715894164008257,0.6653494053799623,11000.0,False
201811,46.0,36567.0,3513.0,5410027.0,183.0,126284.0,3696.0,0.14491146938646227,0.6493498091599174,11000.0,False
201812,40.0,36142.0,3490.0,5224117.0,159.0,124457.0,3649.0,0.12775496757916388,0.6680554819120629,11000.0,False
201813,42.0,36686.0,3443.0,5175425.0,173.0,126224.0,3616.0,0.13705792876156675,0.6652593748339508,11000.0,False
201814,43.0,27947.0,3492.0,4193270.0,246.0,133170.0,3738.0,0.1847262897048885,0.8327629749574914,11000.0,False
201815,52.0,38276.0,3339.0,5171435.0,192.0,122694.0,3531.0,0.15648686977358306,0.6456621808066814,11000.0,False
201816,58.0,35232.0,3726.0,4729516.0,190.0,115246.0,3916.0,0.16486472415528522,0.7878184575334981,11000.0,False
201817,49.0,35439.0,4552.0,4668509.0,199.0,117638.0,4751.0,0.16916302555296758,0.9750436381294327,11000.0,False
201818,55.0,35357.0,5389.0,4594000.0,228.0,118723.0,5617.0,0.192043664664808,1.1730518067043971,11000.0,False
201819,91.0,35071.0,6050.0,4485264.0,267.0,115666.0,6317.0,0.2308370653433161,1.3488615162897881,11000.0,False
201820,103.0,35885.0,7142.0,4416213.0,340.0,119112.0,7482.0,0.2854456310027537,1.6172227200092024,11000.0,False
201821,110.0,35561.0,8712.0,4436256.0,434.0,118221.0,9146.0,0.36710905845831115,1.9638181385384432,11000.0,False
201822,126.0,36506.0,9540.0,4380865.0,459.0,120108.0,9999.0,0.38215605954640824,2.1776521303441214,11000.0,False
201823,131.0,35554.0,10449.0,4348433.0,473.0,118818.0,10922.0,0.39808783180999513,2.4029345743627646,11000.0,False
201824,137.0,35758.0,10929.0,4307261.0,588.0,120356.0,11517.0,0.48855063312173885,2.5373433372159244,11000.0,True
201825,120.0,33390.0,10072.0,3892901.0,612.0,124284.0,10684.0,0.49242058511151876,2.587273603926737,11000.0,True
201826,165.0,35878.0,11005.0,4293601.0,580.0,121778.0,11585.0,0.47627650314506725,2.563116600727455,11000.0,True
201827,152.0,36430.0,10462.0,4311397.0,586.0,119021.0,11048.0,0.49235008948000775,2.4265916592696057,11000.0,True
201828,129.0,36150.0,9583.0,4243391.0,523.0,124400.0,10106.0,0.4204180064308682,2.258335373761221,11000.0,True
201829,131.0,37648.0,8831.0,4407593.0,482.0,122672.0,9313.0,0.39291769923046826,2.0035878993364404,11000.0,False
201830,116.0,37736.0,8091.0,4298741.0,409.0,120340.0,8500.0,0.3398703672926708,1.8821789914768068,11000.0,False
201831,135.0,38895.0,7634.0,4322139.0,397.0,123059.0,8031.0,0.3226094800055258,1.7662550880478394,11000.0,False
201832,109.0,38790.0,7316.0,4380157.0,384.0,122496.0,7700.0,0.31347962382445144,1.6702597646614037,11000.0,False
201833,116.0,37171.0,6573.0,4351115.0,358.0,119606.0,6931.0,0.2993160878216812,1.510647270871949,11000.0,False
201834,87.0,35453.0,5891.0,4105997.0,312.0,116330.0,6203.0,0.26820252729304567,1.4347307121753865,11000.0,False
201835,81.0,36338.0,5671.0,4409698.0,278.0,115972.0,5949.0,0.2397130341806643,1.2860291112906144,11000.0,False
201836,76.0,34692.0,6351.0,4607796.0,316.0,121469.0,6667.0,0.26014867991010054,1.3783162275413234,11000.0,False
201837,96.0,36940.0,6790.0,4596482.0,384.0,120202.0,7174.0,0.3194622385650821,1.477216706167891,11000.0,False
201838,93.0,36179.0,7769.0,4679004.0,376.0,127328.0,8145.0,0.2953003267152551,1.6603961013925186,11000.0,False
201839,118.0,35271.0,7347.0,4273819.0,482.0,134483.0,7829.0,0.3584096131109508,1.7190713972678768,11000.0,False
201840,107.0,36377.0,7531.0,4911085.0,376.0,118095.0,7907.0,0.318387738684957,1.533469691524378,11000.0,False
201841,72.0,33300.0,6473.0,4282574.0,329.0,118489.0,6802.0,0.27766290541738053,1.5114741741765583,11000.0,False
201842,79.0,35453.0,6521.0,4609959.0,265.0,114096.0,6786.0,0.2322605525171785,1.4145462031224139,11000.0,False
201843,85.0,35311.0,7570.0,4540689.0,359.0,115634.0,7929.0,0.31046232077070757,1.6671478711710932,11000.0,False
201844,118.0,36037.0,7478.0,4687834.0,342.0,111372.0,7820.0,0.307078978558345,1.5951930038478326,11000.0,False
201845,121.0,35016.0,8135.0,4524859.0,339.0,115292.0,8474.0,0.2940360129063595,1.7978460765296775,11000.0,False
201846,129.0,34612.0,9259.0,4534350.0,430.0,114522.0,9689.0,0.3754737081084857,2.041968529116632,11000.0,False
201847,114.0,33397.0,9513.0,4355597.0,443.0,111657.0,9956.0,0.39675076349892974,2.1840863606068237,11000.0,False
201848,131.0,35778.0,9862.0,4588627.0,459.0,110960.0,10321.0,0.41366258111031,2.1492267730630537,11000.0,False
201849,141.0,34354.0,10103.0,4792736.0,445.0,113888.0,10548.0,0.3907347569542006,2.1079817457085057,11000.0,False
201850,148.0,34338.0,10454.0,4698218.0,445.0,108509.0,10899.0,0.41010423098544824,2.2250989630536515,11000.0,False
201851,144.0,35565.0,11174.0,4744458.0,456.0,115996.0,11630.0,0.3931170040346219,2.3551689149740604,11000.0,True
201852,149.0,35913.0,10223.0,4833217.0,457.0,114315.0,10680.0,0.39977255828194025,2.115154357853165,11000.0,True
201901,104.0,31961.0,8704.0,4206481.0,492.0,121627.0,9196.0,0.4045154447614428,2.0691879982341534,11000.0,False
201902,157.0,37365.0,9339.0,4906225.0,429.0,115833.0,9768.0,0.37036077801662737,1.90350014522367,11000.0,False
201903,165.0,36570.0,10369.0,4727085.0,487.0,116286.0,10856.0,0.418795039815627,2.1935294161200827,11000.0,False
201904,132.0,37326.0,8997.0,5012829.0,363.0,115476.0,9360.0,0.314351033981087,1.794794915206563,11000.0,False
201905,80.0,32082.0,7059.0,6074651.0,355.0,125758.0,7414.0,0.28228820432894924,1.1620420662849602,11000.0,False
201906,55.0,17434.0,2660.0,1426607.0,674.0,206833.0,3334.0,0.3258667620737503,1.8645639619040142,11000.0,False
201907,84.0,43575.0,3862.0,5349015.0,232.0,129283.0,4094.0,0.1794512812976184,0.7220020882349367,11000.0,False
201908,56.0,39852.0,4112.0,4841316.0,209.0,120752.0,4321.0,0.17308201934543527,0.8493558363056657,11000.0,False
201909,63.0,34714.0,4281.0,4592392.0,272.0,123150.0,4553.0,0.22086885911490053,0.9321939416321603,11000.0,False
201910,56.0,37477.0,4054.0,4688608.0,215.0,116530.0,4269.0,0.18450184501845018,0.8646489533780601,11000.0,False
201911,66.0,37719.0,4116.0,5063705.0,226.0,118776.0,4342.0,0.1902741294537617,0.8128435601994982,11000.0,False
201912,66.0,36597.0,3828.0,4977876.0,196.0,124334.0,4024.0,0.15763990541605674,0.7690026830720572,11000.0,False
201913,69.0,37583.0,4000.0,4869158.0,207.0,119729.0,4207.0,0.17289044425327196,0.821497269137703,11000.0,False
201914,56.0,29505.0,4192.0,4077334.0,273.0,131364.0,4465.0,0.20781949392527632,1.0281227880767188,11000.0,False
201915,86.0,39610.0,4606.0,5031705.0,275.0,125789.0,4881.0,0.21862007011741885,0.9153954772785765,11000.0,False
201916,104.0,36758.0,4963.0,4739685.0,303.0,119429.0,5266.0,0.25370722353867153,1.047116000324916,11000.0,False
201917,95.0,37921.0,5632.0,4732023.0,309.0,124029.0,5941.0,0.2491352828773916,1.190188636023113,11000.0,False
201918,111.0,36342.0,6308.0,4507967.0,352.0,122679.0,6660.0,0.2869276730328744,1.3993003941688127,11000.0,False
201919,108.0,36703.0,6359.0,4717190.0,377.0,119126.0,6736.0,0.31647163507546633,1.3480483084209032,11000.0,False
201920,138.0,37426.0,7585.0,4738768.0,449.0,126818.0,8034.0,0.35405068681102053,1.6006269984097132,11000.0,False
201921,144.0,36866.0,8979.0,4689898.0,527.0,126025.0,9506.0,0.4181709978178933,1.91454057209773,11000.0,False
201922,158.0,37942.0,9925.0,4641843.0,501.0,125917.0,10426.0,0.39788114392814317,2.1381593474833163,11000.0,False
201923,153.0,33235.0,10111.0,4254703.0,614.0,135286.0,10725.0,0.4538533181556111,2.376429095050818,11000.0,False
201924,169.0,38436.0,11290.0,4665478.0,698.0,128864.0,11988.0,0.5416563198410728,2.4199020979200845,11000.0,True
201925,235.0,38586.0,12875.0,4698485.0,776.0,132725.0,13651.0,0.584667545677152,2.7402449938650437,11000.0,True
201926,207.0,38831.0,13903.0,4488063.0,791.0,126767.0,14694.0,0.623979426822438,3.0977729145067707,11000.0,True
201927,250.0,38576.0,14481.0,4521513.0,876.0,127780.0,15357.0,0.6855532947253091,3.2026890113995026,11000.0,True
201928,247.0,38978.0,14862.0,4513610.0,901.0,128732.0,15763.0,0.6999036758537116,3.292708054085311,11000.0,True
201929,238.0,38864.0,14134.0,4477174.0,923.0,131124.0,15057.0,0.7039138525365303,3.156902099404669,11000.0,True
201930,225.0,38941.0,13345.0,4339893.0,871.0,126852.0,14216.0,0.6866269353262069,3.0749606038674226,11000.0,True
201931,264.0,39471.0,13025.0,4434152.0,845.0,126151.0,13870.0,0.6698321852383256,2.9374274945919763,11000.0,True
201932,226.0,36953.0,12617.0,4196529.0,884.0,129927.0,13501.0,0.6803820606956213,3.006532303243943,11000.0,True
201933,217.0,36591.0,13244.0,4402084.0,882.0,125694.0,14126.0,0.7017041386223686,3.008575029463318,11000.0,True
201934,254.0,37544.0,14344.0,4408595.0,945.0,124897.0,15289.0,0.7566234577291688,3.253644301642587,11000.0,True
201935,273.0,37820.0,15935.0,4543995.0,988.0,127122.0,16923.0,0.7772061484243482,3.5068260418420354,11000.0,True
201936,292.0,38092.0,16459.0,4621785.0,1067.0,129307.0,17526.0,0.8251680110125515,3.561178202793942,11000.0,True
201937,280.0,33969.0,17393.0,4186422.0,1294.0,140884.0,18687.0,0.9184861304335482,4.154621774871239,11000.0,True
201938,249.0,39614.0,19166.0,4847840.0,1305.0,131540.0,20471.0,0.9920936597232781,3.953513317271197,11000.0,True
201939,255.0,38592.0,17964.0,4777601.0,1053.0,124259.0,19017.0,0.8474235266660765,3.7600460984498287,11000.0,True
201940,222.0,38981.0,16170.0,4640793.0,1015.0,129574.0,17185.0,0.7833361631191442,3.4843183050827737,11000.0,True
201941,228.0,33056.0,14915.0,4258673.0,1087.0,133550.0,16002.0,0.8139273680269562,3.502264672586977,11000.0,True
201942,213.0,39491.0,14054.0,4832057.0,795.0,122272.0,14849.0,0.6501897409055221,2.9084921804523414,11000.0,True
201943,168.0,37696.0,11492.0,4761766.0,660.0,120707.0,12152.0,0.5467785629665223,2.413390326194105,11000.0,True
201944,157.0,38901.0,9944.0,4775739.0,568.0,118737.0,10512.0,0.4783681581983712,2.082190839993559,11000.0,True
201945,159.0,38107.0,9853.0,4705932.0,510.0,118011.0,10363.0,0.43216310343950987,2.0937404110386635,11000.0,False
201946,108.0,36539.0,8674.0,4772030.0,467.0,118885.0,9141.0,0.39281658745846826,1.8176750774827484,11000.0,False
201947,99.0,37211.0,6953.0,4692681.0,339.0,117942.0,7292.0,0.2874294144579539,1.4816690075460062,11000.0,False
201948,83.0,39232.0,6490.0,4690904.0,348.0,117391.0,6838.0,0.29644521300610777,1.3835286332868888,11000.0,False
201949,70.0,36411.0,5988.0,4505757.0,274.0,112245.0,6262.0,0.2441088689919373,1.3289664755556059,11000.0,False
201950,50.0,36672.0,5210.0,4952961.0,246.0,120707.0,5456.0,0.2037992825602492,1.051896027447016,11000.0,False
201951,44.0,37193.0,4780.0,4898523.0,262.0,124461.0,5042.0,0.2105077092422526,0.9758043393896487,11000.0,False
201952,58.0,37651.0,5378.0,4884862.0,270.0,123421.0,5648.0,0.2187634195153175,1.1009522889285306,11000.0,False
202001,71.0,34265.0,5147.0,4433526.0,318.0,128338.0,5465.0,0.2477831974941171,1.1609269912931603,11000.0,False
202002,61.0,37248.0,5222.0,4909632.0,266.0,130907.0,5488.0,0.20319768996310358,1.0636235057943244,11000.0,False
202003,53.0,37115.0,4811.0,5183609.0,218.0,125136.0,5029.0,0.1742104590205856,0.9281178422215102,11000.0,False
202004,35.0,23525.0,3756.0,4668570.0,307.0,154383.0,4063.0,0.19885609166812407,0.8045290099537974,11000.0,False
202005,45.0,29154.0,2402.0,3171730.0,326.0,166565.0,2728.0,0.1957193888271846,0.7573154083102912,11000.0,False
202006,19.0,39980.0,2174.0,4820149.0,96.0,113208.0,2270.0,0.0847996608013568,0.4510234019736734,11000.0,False
202007,20.0,38985.0,1866.0,4367310.0,78.0,107063.0,1944.0,0.07285430073881734,0.4272652960289057,11000.0,False
202008,22.0,36974.0,1690.0,4167588.0,81.0,98214.0,1771.0,0.08247296719408638,0.4055103335550443,11000.0,False
202009,19.0,34102.0,1519.0,3698239.0,82.0,103924.0,1601.0,0.07890381432585351,0.41073602868824866,11000.0,False
202010,16.0,33974.0,1433.0,4140922.0,57.0,90685.0,1490.0,0.06285493742074214,0.34605819670112115,11000.0,False
202011,29.0,33496.0,1298.0,3901623.0,62.0,87847.0,1360.0,0.07057725363415938,0.33268206589924243,11000.0,False
202012,20.0,33539.0,1344.0,4144806.0,54.0,93917.0,1398.0,0.05749757764834908,0.3242612561359929,11000.0,False
202013,24.0,32541.0,1382.0,3842252.0,70.0,92798.0,1452.0,0.07543266018664195,0.35968489313038293,11000.0,False
202014,19.0,26750.0,1132.0,3436587.0,55.0,91158.0,1187.0,0.06033480330854121,0.3293965786403778,11000.0,False
202015,14.0,34474.0,1095.0,4190426.0,37.0,92344.0,1132.0,0.04006757342112103,0.26130994796233126,11000.0,False
202016,14.0,33682.0,1057.0,4033238.0,56.0,90837.0,1113.0,0.0616488875678413,0.2620723101389008,11000.0,False
202017,18.0,33798.0,974.0,3673572.0,58.0,90565.0,1032.0,0.0640424004858389,0.2651370382831751,11000.0,False
202018,15.0,33828.0,1061.0,3709637.0,57.0,91343.0,1118.0,0.06240215451649278,0.2860118119373944,11000.0,False
202019,18.0,36940.0,1142.0,3920613.0,58.0,95766.0,1200.0,0.06056429212873045,0.29128098080580767,11000.0,False
202020,24.0,37247.0,1158.0,3968185.0,62.0,96636.0,1220.0,0.06415828469721428,0.29182107185022876,11000.0,False
202021,18.0,37764.0,1055.0,3585298.0,43.0,89733.0,1098.0,0.04791994026723725,0.29425726954914205,11000.0,False
202022,26.0,38398.0,1123.0,3876263.0,55.0,94546.0,1178.0,0.05817274131110782,0.2897120241841175,11000.0,False
202023,26.0,38738.0,1214.0,4126436.0,71.0,100359.0,1285.0,0.07074602178180332,0.29420061282908544,11000.0,False
202024,23.0,39465.0,1244.0,4122377.0,65.0,100028.0,1309.0,0.06498180509457352,0.30176764522022126,11000.0,False
202025,14.0,40791.0,1261.0,4072118.0,63.0,105851.0,1324.0,0.059517623829722914,0.3096668613237632,11000.0,False
202026,30.0,34665.0,1104.0,3480620.0,92.0,113011.0,1196.0,0.08140800453053243,0.31718486936235496,11000.0,False
202027,20.0,43200.0,1202.0,4297701.0,89.0,108049.0,1291.0,0.08237003581708299,0.27968441731986476,11000.0,False
202028,29.0,41042.0,1205.0,4088164.0,91.0,105230.0,1296.0,0.08647724033070417,0.29475334159784194,11000.0,False
202029,31.0,41616.0,1124.0,3928818.0,64.0,107853.0,1188.0,0.05934002763020037,0.28609113478914017,11000.0,False
202030,28.0,41364.0,1134.0,3952261.0,71.0,106751.0,1205.0,0.06650991559798035,0.2869243706324051,11000.0,False
202031,23.0,41726.0,1079.0,4047237.0,74.0,106402.0,1153.0,0.06954756489539671,0.2666016346460561,11000.0,False
202032,25.0,39892.0,1124.0,4147924.0,77.0,107182.0,1201.0,0.07184042096620702,0.2709789282542303,11000.0,False
202033,27.0,42109.0,1133.0,4156224.0,76.0,107390.0,1209.0,0.0707700903249837,0.27260320906669133,11000.0,False
202034,31.0,40477.0,1189.0,4215404.0,83.0,107935.0,1272.0,0.07689813313568351,0.282060746727953,11000.0,False
202035,20.0,39236.0,1243.0,4144553.0,94.0,105955.0,1337.0,0.08871690812137228,0.29991171544916906,11000.0,False
202036,25.0,38010.0,1374.0,4252409.0,93.0,106858.0,1467.0,0.08703138744876378,0.3231109707462288,11000.0,False
202037,29.0,38234.0,1432.0,4377147.0,76.0,106532.0,1508.0,0.07134006683437841,0.3271537373544914,11000.0,False
202038,30.0,37330.0,1370.0,4256899.0,90.0,110500.0,1460.0,0.08144796380090498,0.32183051559362813,11000.0,False
202039,32.0,40548.0,1500.0,4425506.0,103.0,112858.0,1603.0,0.09126512963192684,0.33894429247186647,11000.0,False
202040,46.0,34135.0,1632.0,3838518.0,131.0,117486.0,1763.0,0.11150264712391264,0.42516408676473577,11000.0,False
202041,58.0,40969.0,2045.0,4417239.0,166.0,118630.0,2211.0,0.13993087751833433,0.4629588754423295,11000.0,False
202042,73.0,42497.0,2710.0,4552412.0,190.0,116007.0,2900.0,0.16378321997810477,0.5952888271096729,11000.0,False
202043,68.0,41189.0,3214.0,4399642.0,185.0,110985.0,3399.0,0.16668919223318465,0.7305139827285947,11000.0,False
202044,67.0,42018.0,3709.0,4436724.0,208.0,112465.0,3917.0,0.1849464277775308,0.8359771759523468,11000.0,False
202045,88.0,41554.0,3781.0,4470821.0,219.0,110578.0,4000.0,0.19805024507587404,0.8457059676511316,11000.0,False
202046,76.0,40916.0,3670.0,4364447.0,219.0,108683.0,3889.0,0.20150345500216224,0.8408854546750139,11000.0,False
202047,88.0,42183.0,3960.0,4478188.0,233.0,115692.0,4193.0,0.20139681222556444,0.884286233628423,11000.0,False
202048,90.0,41778.0,4683.0,4396158.0,265.0,111540.0,4948.0,0.23758292989062219,1.065248337298159,11000.0,False
202049,84.0,40981.0,5197.0,4360509.0,249.0,105996.0,5446.0,0.23491452507641797,1.1918333387226123,11000.0,False
202050,102.0,40920.0,5181.0,4247698.0,248.0,108469.0,5429.0,0.22863675335810232,1.2197194809988845,11000.0,False
202051,88.0,40774.0,5456.0,4320400.0,289.0,107636.0,5745.0,0.26849752870786725,1.262846032774743,11000.0,False
202052,81.0,40528.0,5645.0,4293919.0,232.0,106376.0,5877.0,0.2180943069865383,1.3146498571584606,11000.0,False
202053,98.0,36085.0,5623.0,3798503.0,283.0,110180.0,5906.0,0.2568524233073153,1.4803200102777332,11000.0,False
202101,62.0,41492.0,5079.0,4360821.0,205.0,104620.0,5284.0,0.19594723762186964,1.1646889427472487,11000.0,False
202102,89.0,40445.0,4823.0,4419439.0,216.0,109910.0,5039.0,0.1965244290783368,1.0913149836438516,11000.0,False
202103,61.0,40617.0,4387.0,4554623.0,163.0,108004.0,4550.0,0.15092033628384133,0.9631971735092015,11000.0,False
202104,43.0,39821.0,3872.0,4423987.0,152.0,102593.0,4024.0,0.14815825641125613,0.8752286116573127,11000.0,False
202105,49.0,37456.0,3541.0,4799909.0,160.0,102329.0,3701.0,0.15635841257121638,0.7377223193189705,11000.0,False
202106,34.0,20566.0,2125.0,3010587.0,276.0,128487.0,2401.0,0.21480772373858834,0.7058424154492131,11000.0,False
202107,49.0,36459.0,2267.0,3403029.0,153.0,122922.0,2420.0,0.12446917557475472,0.6661712256933455,11000.0,False
202108,45.0,43069.0,2192.0,4272889.0,124.0,108688.0,2316.0,0.11408803179743854,0.5130018589296376,11000.0,False
202109,59.0,38968.0,2153.0,4116340.0,129.0,107603.0,2282.0,0.11988513331412692,0.5230374556037645,11000.0,False
202110,44.0,40456.0,2207.0,4354138.0,100.0,103819.0,2307.0,0.09632148258025988,0.506874150520723,11000.0,False
202111,39.0,42740.0,2383.0,4417246.0,118.0,109725.0,2501.0,0.10754158122579176,0.5394764067928297,11000.0,False
202112,48.0,40582.0,2535.0,4323493.0,119.0,102991.0,2654.0,0.11554407666689322,0.5863314685602591,11000.0,False
202113,49.0,39005.0,2423.0,4237247.0,132.0,112453.0,2555.0,0.1173823730803091,0.5718335513601166,11000.0,False
202114,46.0,39463.0,2573.0,4310680.0,152.0,111318.0,2725.0,0.13654575181012954,0.5968895858658031,11000.0,False
202115,46.0,41317.0,2313.0,4397122.0,123.0,106963.0,2436.0,0.11499303497471088,0.5260258869324071,11000.0,False
202116,47.0,41020.0,2246.0,4360617.0,143.0,108653.0,2389.0,0.1316116444092662,0.515064725932133,11000.0,False
202117,34.0,41540.0,2252.0,4182654.0,114.0,107888.0,2366.0,0.1056651342132582,0.5384141265330578,11000.0,False
202118,48.0,40667.0,2521.0,4281757.0,113.0,111211.0,2634.0,0.10160865382021562,0.5887769903803509,11000.0,False
202119,44.0,40754.0,2726.0,4139381.0,155.0,121962.0,2881.0,0.12708876535314279,0.6585525710245083,11000.0,False
202120,22.0,25252.0,1953.0,3365309.0,69.0,124354.0,2022.0,0.05548675555269633,0.5803330392543449,11000.0,False
202121,10.0,22187.0,1001.0,2861694.0,53.0,105900.0,1054.0,0.05004721435316336,0.34979281502494675,11000.0,False
202122,8.0,23982.0,662.0,2816756.0,28.0,97163.0,690.0,0.028817554007183804,0.23502213184244572,11000.0,False
202123,6.0,25546.0,605.0,2968760.0,21.0,101885.0,626.0,0.020611473720371008,0.2037887872377693,11000.0,False
202124,3.0,25892.0,529.0,2732025.0,31.0,105956.0,560.0,0.02925742761146136,0.1936292676677556,11000.0,False
202125,7.0,27867.0,568.0,3027664.0,37.0,100342.0,605.0,0.036873891291782104,0.18760338003160193,11000.0,False
202126,3.0,22482.0,563.0,3190268.0,22.0,102122.0,585.0,0.021542860500186053,0.17647420216734142,11000.0,False
202127,10.0,22019.0,623.0,3317512.0,30.0,103453.0,653.0,0.028998675727141793,0.1877913327819161,11000.0,False
202128,6.0,25680.0,613.0,3361555.0,39.0,105947.0,652.0,0.03681085825931834,0.18235608222980138,11000.0,False
202129,6.0,28251.0,558.0,3300557.0,31.0,107662.0,589.0,0.02879381768869239,0.1690623734115181,11000.0,False
202130,8.0,30041.0,615.0,3321110.0,30.0,111710.0,645.0,0.026855250201414375,0.18517905158215175,11000.0,False
202131,4.0,30703.0,574.0,3284407.0,36.0,104631.0,610.0,0.034406629010522695,0.17476518592245113,11000.0,False
202132,14.0,31244.0,580.0,3577451.0,53.0,110920.0,633.0,0.04778218535881717,0.16212660914153681,11000.0,False
202133,12.0,32541.0,677.0,3574390.0,47.0,112861.0,724.0,0.04164414633930233,0.18940294707628436,11000.0,False
202134,17.0,33143.0,678.0,3651156.0,37.0,114543.0,715.0,0.03230227949329073,0.18569461288424816,11000.0,False
202135,14.0,32728.0,721.0,3762528.0,37.0,116847.0,758.0,0.03166534014566057,0.19162648091921175,11000.0,False
202136,14.0,34948.0,738.0,3662631.0,58.0,121307.0,796.0,0.04781257470714798,0.20149449944589012,11000.0,False
202137,11.0,35199.0,715.0,3829567.0,48.0,120194.0,763.0,0.039935437709037055,0.18670518102960465,11000.0,False
202138,14.0,29968.0,602.0,3308336.0,36.0,128842.0,638.0,0.02794119929836544,0.1819645888446639,11000.0,False
202139,13.0,37608.0,707.0,4025096.0,40.0,125989.0,747.0,0.03174880346696934,0.17564798454496489,11000.0,False
202140,7.0,37496.0,660.0,3936257.0,27.0,124516.0,687.0,0.021683960294259372,0.16767197873512832,11000.0,False
202141,15.0,34692.0,622.0,3599092.0,39.0,125223.0,661.0,0.031144438322033494,0.17282136716705213,11000.0,False
202142,9.0,37822.0,733.0,3884612.0,32.0,120512.0,765.0,0.026553372278279343,0.1886932337129165,11000.0,False
202143,10.0,38699.0,718.0,3990013.0,35.0,122402.0,753.0,0.028594304014640283,0.1799492883857772,11000.0,False
202144,7.0,38615.0,567.0,4116906.0,33.0,125607.0,600.0,0.026272421123026583,0.13772478652658088,11000.0,False
202145,7.0,38211.0,577.0,3896293.0,26.0,117040.0,603.0,0.02221462747778537,0.14808947889699262,11000.0,False
202146,16.0,39628.0,559.0,3923026.0,45.0,121345.0,604.0,0.037084346285384644,0.14249204568106355,11000.0,False
202147,8.0,38926.0,658.0,3789810.0,35.0,114513.0,693.0,0.030564215416590258,0.17362347980505619,11000.0,False
202148,10.0,38767.0,530.0,3933281.0,20.0,114602.0,550.0,0.017451702413570445,0.13474755553951015,11000.0,False
202149,17.0,39394.0,532.0,4047086.0,38.0,116546.0,570.0,0.032605151613955004,0.13145260565256087,11000.0,False
202150,16.0,39177.0,582.0,3960736.0,33.0,113951.0,615.0,0.0289598160612895,0.1469423864655458,11000.0,False
202151,11.0,38807.0,561.0,3939430.0,30.0,110405.0,591.0,0.027172682396630586,0.14240638874151845,11000.0,False
202152,11.0,35595.0,475.0,3614533.0,30.0,112789.0,505.0,0.02659833849045563,0.13141393369489227,11000.0,False
202201,12.0,38585.0,571.0,4309126.0,23.0,114602.0,594.0,0.02006945777560601,0.13250946943765396,11000.0,False
202202,10.0,37161.0,556.0,4252962.0,37.0,114620.0,593.0,0.03228057930553132,0.1307324166075314,11000.0,False
202203,4.0,37515.0,503.0,4244288.0,28.0,120742.0,531.0,0.023189942190786968,0.11851222160230408,11000.0,False
202204,7.0,31853.0,459.0,4812335.0,27.0,127935.0,486.0,0.021104467112205417,0.09537989354440204,11000.0,False
202205,4.0,13918.0,222.0,882968.0,31.0,146028.0,253.0,0.021228805434574193,0.2514247401944351,11000.0,False
202206,9.0,41960.0,430.0,4235421.0,30.0,129608.0,460.0,0.02314671933831245,0.10152473626588715,11000.0,False
202207,5.0,38933.0,510.0,3826821.0,23.0,122298.0,533.0,0.018806521774681517,0.13326988641485976,11000.0,False
202208,5.0,38100.0,425.0,3821589.0,16.0,120153.0,441.0,0.013316354980732898,0.1112102845177752,11000.0,False
202209,6.0,36179.0,524.0,3858842.0,23.0,138266.0,547.0,0.01663460286693764,0.13579203294667155,11000.0,False
202210,9.0,39011.0,589.0,4446923.0,41.0,128364.0,630.0,0.03194041943223957,0.13245113531311425,11000.0,False
202211,8.0,38052.0,551.0,4533190.0,36.0,130359.0,587.0,0.02761604492209974,0.1215479607075812,11000.0,False
202212,10.0,38422.0,538.0,4296975.0,22.0,125360.0,560.0,0.017549457562220806,0.12520435888037515,11000.0,False
202213,13.0,38315.0,516.0,4193065.0,29.0,124197.0,545.0,0.023350000402586214,0.12306033891675898,11000.0,False
202214,7.0,31183.0,463.0,3653198.0,20.0,143611.0,483.0,0.013926509807744533,0.12673827150896283,11000.0,False
202215,6.0,39357.0,488.0,4328852.0,36.0,140357.0,524.0,0.02564888106756343,0.1127319668124482,11000.0,False
202216,4.0,37076.0,499.0,4237016.0,22.0,148004.0,521.0,0.014864463122618308,0.11777156376091098,11000.0,False
202217,4.0,35407.0,530.0,3792805.0,21.0,173981.0,551.0,0.012070283536708032,0.13973826758823615,11000.0,False
202218,1.0,32774.0,407.0,3880353.0,15.0,198284.0,422.0,0.007564906901212402,0.10488736462893969,11000.0,False
202219,3.0,30764.0,433.0,3940297.0,13.0,225254.0,446.0,0.005771262663482113,0.10989019355647557,11000.0,False
202220,2.0,29040.0,403.0,4152855.0,15.0,227981.0,418.0,0.00657949565972603,0.09704167374011373,11000.0,False
202221,2.0,29309.0,335.0,4000260.0,20.0,194864.0,355.0,0.01026356843747434,0.08374455660382076,11000.0,False
202222,5.0,25041.0,399.0,3828165.0,20.0,170187.0,419.0,0.011751778925534853,0.10422748235773537,11000.0,False
202223,3.0,31846.0,354.0,4556986.0,12.0,157155.0,366.0,0.00763577359931278,0.07768292463483539,11000.0,False
202224,0.0,33062.0,332.0,4511029.0,12.0,148972.0,344.0,0.008055205004967377,0.0735973987309769,11000.0,False
202225,1.0,34057.0,319.0,4285609.0,13.0,139243.0,332.0,0.009336196433572962,0.07443516195714542,11000.0,False
202226,2.0,35143.0,330.0,4134318.0,10.0,135427.0,340.0,0.007384051924653134,0.07981969456631058,11000.0,False
202227,4.0,36006.0,347.0,4178052.0,17.0,132841.0,364.0,0.012797253859877598,0.08305305917686041,11000.0,False
202228,7.0,37083.0,391.0,4212517.0,25.0,133210.0,416.0,0.018767359807822237,0.09281861651834283,11000.0,False
202229,8.0,38330.0,389.0,3981482.0,31.0,133297.0,420.0,0.0232563373519284,0.09770231285737321,11000.0,False
202230,7.0,39208.0,371.0,4073806.0,25.0,132317.0,396.0,0.018894019664895668,0.0910696287452078,11000.0,False
202231,5.0,36318.0,384.0,4132260.0,20.0,128846.0,404.0,0.015522406593918322,0.09292735694268996,11000.0,False
202232,6.0,35791.0,401.0,4174936.0,31.0,131912.0,432.0,0.023500515495178603,0.09604937656529346,11000.0,False
202233,5.0,37384.0,493.0,4284252.0,27.0,136603.0,520.0,0.01976530530076206,0.11507259610312372,11000.0,False
202234,7.0,36186.0,475.0,4340964.0,32.0,139808.0,507.0,0.02288853284504463,0.10942269965841689,11000.0,False
202235,9.0,39766.0,490.0,4512148.0,27.0,140979.0,517.0,0.01915178856425425,0.10859572868620444,11000.0,False
202236,1.0,34931.0,398.0,4292560.0,23.0,148776.0,421.0,0.015459482712265419,0.09271856421342975,11000.0,False
202237,6.0,41071.0,449.0,4949375.0,30.0,154811.0,479.0,0.019378467938324796,0.09071852506629625,11000.0,False
202238,7.0,41317.0,520.0,4880551.0,27.0,148715.0,547.0,0.01815553239417678,0.10654534703151344,11000.0,False
202239,6.0,42618.0,477.0,5007764.0,28.0,153178.0,505.0,0.018279387379388685,0.0952520925506873,11000.0,False
202240,7.0,40158.0,516.0,5178274.0,32.0,157737.0,548.0,0.0202869333130464,0.09964710249013474,11000.0,False
202241,6.0,37993.0,467.0,4648718.0,41.0,156907.0,508.0,0.026130128037627383,0.10045780363532483,11000.0,False
202242,3.0,42271.0,523.0,5037707.0,27.0,143588.0,550.0,0.018803799760425663,0.10381707391874914,11000.0,False
202243,8.0,42516.0,541.0,5062249.0,41.0,139015.0,582.0,0.029493220156098263,0.10686949614687069,11000.0,False
202244,9.0,41533.0,501.0,4844408.0,27.0,131041.0,528.0,0.02060423836814432,0.10341820920120684,11000.0,False
202245,6.0,41218.0,447.0,4706386.0,32.0,128983.0,479.0,0.02480947101556019,0.09497733505071619,11000.0,False
202246,4.0,41879.0,459.0,4681376.0,26.0,126156.0,485.0,0.020609404229683884,0.09804809526088056,11000.0,False
202247,4.0,41400.0,516.0,4466985.0,30.0,119805.0,546.0,0.025040691123075,0.11551415552100577,11000.0,False
202248,7.0,39322.0,625.0,4371237.0,31.0,119087.0,656.0,0.026031388816579477,0.14298012210273658,11000.0,False
202249,13.0,41366.0,636.0,4503683.0,35.0,114844.0,671.0,0.030476124133607327,0.14121775444674947,11000.0,False
202250,6.0,41995.0,720.0,4434401.0,51.0,113366.0,771.0,0.04498703314926874,0.16236691269012432,11000.0,False
202251,14.0,41960.0,864.0,4705295.0,51.0,116242.0,915.0,0.04387398702706423,0.18362291843550724,11000.0,False
202252,8.0,42789.0,1027.0,5041897.0,45.0,124997.0,1072.0,0.036000864020736496,0.20369317342262247,11000.0,False
202301,13.0,38934.0,1147.0,4543049.0,56.0,131357.0,1203.0,0.04263191150833225,0.2524736140860466,11000.0,False
202302,12.0,41839.0,1633.0,5167973.0,72.0,131205.0,1705.0,0.05487595747113296,0.3159846229846789,11000.0,False
202303,18.0,29422.0,1764.0,5142519.0,77.0,131408.0,1841.0,0.05859612808961403,0.34302255373290796,11000.0,False
202304,10.0,22173.0,719.0,1790737.0,146.0,179282.0,865.0,0.08143595006749144,0.40151066292816867,11000.0,False
202305,17.0,47859.0,1177.0,5062400.0,76.0,137628.0,1253.0,0.05522132124277036,0.23249841972187105,11000.0,False
202306,19.0,43701.0,1420.0,4751652.0,70.0,130137.0,1490.0,0.05378946802216126,0.2988434338204902,11000.0,False
202307,28.0,42709.0,1871.0,4732069.0,64.0,128692.0,1935.0,0.049731141018866755,0.3953873031014552,11000.0,False
202308,24.0,43649.0,2122.0,4714342.0,78.0,121605.0,2200.0,0.0641420994202541,0.45011583801090377,11000.0,False
202309,28.0,39346.0,1985.0,4445425.0,106.0,128150.0,2091.0,0.08271556769410847,0.4465264850942261,11000.0,False
202310,31.0,43150.0,2075.0,5032784.0,114.0,126170.0,2189.0,0.090354283902671,0.4122966533036188,11000.0,False
202311,48.0,42462.0,2366.0,4966620.0,118.0,124006.0,2484.0,0.09515668596680806,0.47638031498282535,11000.0,False
202312,42.0,42520.0,2758.0,4672366.0,147.0,123522.0,2905.0,0.11900714042842571,0.590279100567036,11000.0,False
202313,61.0,42615.0,3745.0,4738164.0,145.0,116328.0,3890.0,0.12464754831167045,0.7903905394578997,11000.0,False
202314,54.0,33486.0,3679.0,3851090.0,217.0,128729.0,3896.0,0.16857118442619767,0.9553139500764719,11000.0,False
202315,63.0,45091.0,4822.0,5027761.0,227.0,121121.0,5049.0,0.18741588989522873,0.9590750236536701,11000.0,False
202316,96.0,43606.0,6951.0,4504319.0,314.0,120663.0,7265.0,0.2602289019832094,1.5431855514673805,11000.0,False
202317,121.0,43927.0,8936.0,4821480.0,454.0,122857.0,9390.0,0.36953531341315515,1.8533728232824775,11000.0,False
202318,115.0,42669.0,10040.0,4816611.0,439.0,129765.0,10479.0,0.338303856972219,2.0844531559638093,11000.0,False
202319,109.0,43223.0,10603.0,5040516.0,409.0,125044.0,11012.0,0.32708486612712323,2.103554477359064,11000.0,True
202320,110.0,44497.0,10789.0,5030759.0,477.0,130078.0,11266.0,0.36670305509002293,2.1446068078395326,11000.0,True
202321,104.0,45498.0,11509.0,5105944.0,487.0,134786.0,11996.0,0.36131348953155373,2.254039605604762,11000.0,True
202322,131.0,45043.0,11510.0,5033900.0,516.0,140371.0,12026.0,0.3675972957377236,2.286497546633823,11000.0,True
202323,86.0,43966.0,11556.0,5193940.0,475.0,141783.0,12031.0,0.33501900792055467,2.2249005571877998,11000.0,True
202324,88.0,44422.0,11176.0,5034596.0,466.0,140829.0,11642.0,0.330897755433895,2.2198404797524964,11000.0,True
202325,100.0,38809.0,9492.0,4294539.0,464.0,151940.0,9956.0,0.30538370409372123,2.21024887653832,11000.0,True
202326,77.0,46270.0,9411.0,5014445.0,371.0,141958.0,9782.0,0.26134490483100636,1.8767779883915368,11000.0,False
202327,70.0,44925.0,8972.0,4892007.0,419.0,134924.0,9391.0,0.3105451958139397,1.8340120936049356,11000.0,False
202328,80.0,44680.0,8788.0,4622830.0,360.0,131680.0,9148.0,0.2733900364520049,1.9010000367740107,11000.0,False
202329,84.0,44816.0,8462.0,4571426.0,324.0,125026.0,8786.0,0.25914609761169677,1.851063541223242,11000.0,False
202330,73.0,43948.0,7951.0,4133842.0,407.0,121334.0,8358.0,0.33543771737517925,1.9233923309115346,11000.0,False
202331,69.0,43579.0,7240.0,4353772.0,351.0,119133.0,7591.0,0.2946286923018811,1.6629258491257695,11000.0,False
202332,101.0,45012.0,8841.0,4499581.0,461.0,122516.0,9302.0,0.376277384178393,1.9648496159975783,11000.0,False
202333,109.0,43960.0,9979.0,4541615.0,471.0,121208.0,10450.0,0.38858821199920796,2.1972360052536377,11000.0,False
202334,107.0,42441.0,10610.0,4596874.0,475.0,123497.0,11085.0,0.38462472772617956,2.308090236974083,11000.0,True
202335,107.0,41953.0,10809.0,4680324.0,504.0,123719.0,11313.0,0.40737477671174194,2.3094554992346685,11000.0,True
202336,88.0,41596.0,10986.0,4596558.0,531.0,123805.0,11517.0,0.4289002867412463,2.390049249895248,11000.0,True
202337,106.0,42253.0,11787.0,4931896.0,500.0,127999.0,12287.0,0.39062805178165455,2.3899530728141873,11000.0,True
202338,80.0,46455.0,11862.0,5036475.0,517.0,132647.0,12379.0,0.38975627040189376,2.35521867973136,11000.0,True
202339,83.0,40509.0,11139.0,4626208.0,545.0,143257.0,11684.0,0.3804351619816135,2.4078035401780467,11000.0,True
202340,65.0,46039.0,11306.0,5023159.0,580.0,141296.0,11886.0,0.4104857886989016,2.250774860998826,11000.0,True
202341,75.0,40093.0,9819.0,4595866.0,535.0,133728.0,10354.0,0.400065805216559,2.1364852674120614,11000.0,True
202342,82.0,44763.0,9974.0,5070124.0,407.0,123789.0,10381.0,0.3287852717123492,1.9672102694135292,11000.0,False
202343,83.0,45052.0,10179.0,4973498.0,431.0,124376.0,10610.0,0.3465298771467164,2.046648053341934,11000.0,False
202344,93.0,45356.0,10982.0,5148956.0,407.0,123499.0,11389.0,0.3295573243508045,2.132859554441716,11000.0,True
202345,101.0,45324.0,11221.0,5203254.0,453.0,124517.0,11674.0,0.3638057454002265,2.156535122060157,11000.0,True
202346,76.0,45258.0,10912.0,5128515.0,356.0,116385.0,11268.0,0.3058813420973493,2.1277114330366587,11000.0,True
202347,91.0,44955.0,9552.0,5346213.0,334.0,119470.0,9886.0,0.27956809240813596,1.7866852667486313,11000.0,True
202348,69.0,44973.0,8409.0,5337912.0,249.0,120029.0,8658.0,0.2074498662823151,1.5753350748382513,11000.0,False
202349,76.0,44673.0,8357.0,5188722.0,258.0,118521.0,8615.0,0.21768294226339635,1.6106085467673927,11000.0,False
202350,69.0,45724.0,9183.0,5328337.0,283.0,120471.0,9466.0,0.23491130645549552,1.723427027982652,11000.0,False
202351,72.0,44493.0,8927.0,5078811.0,231.0,109716.0,9158.0,0.21054358525648037,1.7576948620454669,11000.0,False
202352,59.0,45961.0,8546.0,5552002.0,249.0,120066.0,8795.0,0.20738593773424616,1.5392645751928764,11000.0,False
202401,72.0,43730.0,8370.0,5255642.0,332.0,135733.0,8702.0,0.24459785019118416,1.5925742278488526,11000.0,False
202402,71.0,47578.0,8508.0,5797780.0,246.0,126726.0,8754.0,0.194119596610009,1.4674582340137088,11000.0,False
202403,48.0,49222.0,8039.0,5833186.0,206.0,127773.0,8245.0,0.16122341965830025,1.378149093822827,11000.0,False
202404,58.0,47475.0,7093.0,5304512.0,168.0,115935.0,7261.0,0.1449087850950964,1.3371635317254442,11000.0,False
202405,39.0,46926.0,6354.0,5979551.0,176.0,126664.0,6530.0,0.1389502936903935,1.0626215914873876,11000.0,False
202406,35.0,27943.0,5871.0,4850505.0,308.0,142072.0,6179.0,0.216791486007095,1.2103894336775243,11000.0,False
202407,45.0,36621.0,4172.0,3622676.0,335.0,169050.0,4507.0,0.1981662230109435,1.1516348688096865,11000.0,False
202408,49.0,52228.0,5224.0,5762946.0,170.0,131026.0,5394.0,0.12974524140246974,0.9064808172764416,11000.0,False
202409,61.0,43920.0,5931.0,5033960.0,190.0,116854.0,6121.0,0.1625960600407346,1.1781976813482824,11000.0,False
202410,52.0,45520.0,5940.0,5525624.0,176.0,116489.0,6116.0,0.15108722712015726,1.0749917113433705,11000.0,False
202411,42.0,46518.0,6273.0,5449703.0,151.0,119049.0,6424.0,0.12683852867306739,1.1510719024504639,11000.0,False
202412,55.0,46142.0,6598.0,5502351.0,176.0,120544.0,6774.0,0.14600477833820016,1.1991237927206024,11000.0,False
202413,54.0,46307.0,6604.0,5273086.0,180.0,126069.0,6784.0,0.14277895438212407,1.2523975524010038,11000.0,False
202414,70.0,38279.0,7281.0,4240967.0,278.0,135773.0,7559.0,0.2047535224234568,1.7168254315584157,11000.0,False
202415,81.0,50570.0,9139.0,5356084.0,310.0,125619.0,9449.0,0.24677795556404683,1.7062839193709434,11000.0,False
202416,108.0,48872.0,11420.0,5157313.0,347.0,124008.0,11767.0,0.27982065673182377,2.214331377599149,11000.0,True
202417,101.0,47515.0,13622.0,4923049.0,380.0,120659.0,14002.0,0.31493713688991287,2.766984443989893,11000.0,True
202418,131.0,46862.0,15788.0,5092558.0,449.0,125420.0,16237.0,0.35799712964439484,3.1002101497911267,11000.0,True
202419,153.0,49094.0,17480.0,5246762.0,519.0,127301.0,17999.0,0.4076951477207563,3.3315786002871866,11000.0,True
202420,108.0,48663.0,16987.0,5358932.0,471.0,123875.0,17458.0,0.38022199798183653,3.169848021956614,11000.0,True
202421,118.0,48691.0,14724.0,5057748.0,497.0,121641.0,15221.0,0.40857934413561214,2.9111770693201797,11000.0,True
202422,119.0,46598.0,16156.0,5075450.0,563.0,120905.0,16719.0,0.4656548529837476,3.1831660246874662,11000.0,True
202423,141.0,47244.0,17454.0,5249803.0,522.0,120516.0,17976.0,0.4331375087125361,3.3246961838377556,11000.0,True
202424,116.0,44728.0,17017.0,4839280.0,581.0,137936.0,17598.0,0.42120983644588794,3.516432196525103,11000.0,True
202425,123.0,47891.0,18368.0,5412065.0,599.0,136430.0,18967.0,0.43905299420948474,3.3938986320378635,11000.0,True
202426,136.0,47633.0,18660.0,5303970.0,584.0,140586.0,19244.0,0.4154040942910389,3.518119446376959,11000.0,True
202427,128.0,48282.0,18117.0,5334891.0,509.0,138873.0,18626.0,0.36652193010880446,3.3959456716172833,11000.0,True
202428,109.0,49108.0,16723.0,5241176.0,520.0,131719.0,17243.0,0.3947797963847281,3.190696133844771,11000.0,True
202429,118.0,45715.0,15720.0,5125195.0,400.0,128158.0,16120.0,0.312114733375989,3.0672003699371437,11000.0,True
202430,89.0,41118.0,12769.0,3772959.0,571.0,131797.0,13340.0,0.43324203130572014,3.384346344606448,11000.0,True
202431,83.0,43760.0,10929.0,4902199.0,309.0,120177.0,11238.0,0.257120746898325,2.229407659705369,11000.0,True
202432,100.0,42800.0,11064.0,4829147.0,342.0,116665.0,11406.0,0.2931470449577851,2.291087846362929,11000.0,True
202433,85.0,42765.0,12390.0,4834472.0,344.0,116436.0,12734.0,0.29544127245868973,2.5628445050462596,11000.0,True
202434,106.0,43200.0,13277.0,4911845.0,395.0,116730.0,13672.0,0.33838773237385417,2.7030576086989715,11000.0,True
202435,106.0,41732.0,13769.0,5080923.0,413.0,119480.0,14182.0,0.3456645463675929,2.709940693846374,11000.0,True
202436,94.0,44437.0,13884.0,4982108.0,417.0,119055.0,14301.0,0.35025828398639286,2.7867721855889114,11000.0,True
202437,102.0,46282.0,14198.0,5117862.0,463.0,120896.0,14661.0,0.38297379565907885,2.7742053224569165,11000.0,True
202438,112.0,42315.0,15729.0,4724552.0,585.0,130673.0,16314.0,0.44768238274165284,3.3292045468014746,11000.0,True
202439,115.0,46501.0,17387.0,5358012.0,518.0,122072.0,17905.0,0.42433973392751817,3.245046856931265,11000.0,True
202440,123.0,41486.0,16440.0,4258715.0,737.0,132188.0,17177.0,0.5575392622628378,3.8603193686358446,11000.0,True
202441,88.0,42677.0,15248.0,5175105.0,507.0,123804.0,15755.0,0.40951827081515946,2.9464136476457967,11000.0,True
202442,107.0,46892.0,15850.0,5338022.0,550.0,124338.0,16400.0,0.44234264665669387,2.969264645218772,11000.0,True
202443,104.0,46555.0,17773.0,5185818.0,551.0,120567.0,18324.0,0.45700730714042814,3.4272317308474767,11000.0,True
202444,112.0,44179.0,18892.0,4688067.0,678.0,120304.0,19570.0,0.5635722835483442,4.02980588801312,11000.0,True
202445,110.0,47480.0,20658.0,5439465.0,595.0,117647.0,21253.0,0.5057502528751264,3.797799967460035,11000.0,True
202446,111.0,47886.0,22130.0,5347437.0,580.0,120205.0,22710.0,0.4825090470446321,4.138431177403305,11000.0,True
202447,136.0,46837.0,25938.0,5503737.0,700.0,115316.0,26638.0,0.6070276457733532,4.712797868066733,11000.0,True
202448,143.0,47613.0,26144.0,5518940.0,657.0,115021.0,26801.0,0.5712000417315098,4.73714155254451,11000.0,True
202449,123.0,50035.0,22263.0,6007205.0,560.0,118222.0,22823.0,0.4736851009118438,3.7060496520428385,11000.0,True
202450,100.0,49660.0,17808.0,5799063.0,410.0,115199.0,18218.0,0.3559058672384309,3.0708409272325548,11000.0,True
202451,103.0,53246.0,16206.0,5867376.0,412.0,113728.0,16618.0,0.36226786719189646,2.762052406390864,11000.0,True
202452,68.0,52932.0,14766.0,5923723.0,345.0,119912.0,15111.0,0.2877109880579091,2.492689141609086,11000.0,True
202501,92.0,47400.0,14255.0,5728294.0,374.0,131840.0,14629.0,0.2836771844660194,2.4885245065982997,11000.0,True
202502,63.0,51703.0,12572.0,6403682.0,304.0,129705.0,12876.0,0.23437801164180255,1.9632455203115957,11000.0,True
202503,55.0,52465.0,9912.0,6455739.0,237.0,134012.0,10149.0,0.17684983434319315,1.5353780566407658,11000.0,True
202504,48.0,48997.0,8665.0,7372044.0,234.0,148028.0,8899.0,0.1580782014213527,1.1753863650298344,11000.0,False
202505,34.0,19550.0,3433.0,1918286.0,538.0,226652.0,3971.0,0.23736830030178424,1.7896184406287696,11000.0,False
202506,49.0,60493.0,4671.0,6935979.0,177.0,170894.0,4848.0,0.10357297506056386,0.6734449455513057,11000.0,False
202507,40.0,56616.0,4195.0,6297902.0,108.0,153952.0,4303.0,0.07015173560590314,0.6660948360263466,11000.0,False
202508,30.0,51980.0,4356.0,6374423.0,121.0,151620.0,4477.0,0.07980477509563381,0.6833559680617367,11000.0,False
202509,33.0,48824.0,4134.0,5573565.0,126.0,142597.0,4260.0,0.08836090520838447,0.7417155806023613,11000.0,False
202510,46.0,54495.0,4168.0,6246815.0,112.0,137508.0,4280.0,0.08144980655670943,0.667220015319807,11000.0,False
202511,44.0,54271.0,4150.0,6273912.0,134.0,130469.0,4284.0,0.10270639002368379,0.6614692714848407,11000.0,False
202512,24.0,54068.0,3959.0,6338793.0,111.0,123301.0,4070.0,0.09002360078182658,0.6245668536581018,11000.0,False
202513,23.0,53334.0,3530.0,6244735.0,93.0,130652.0,3623.0,0.07118145914337323,0.5652761886613283,11000.0,False
202514,24.0,42176.0,2898.0,4956340.0,111.0,125946.0,3009.0,0.08813300938497451,0.5847056497334727,11000.0,False
202515,22.0,56784.0,3156.0,6462607.0,94.0,125890.0,3250.0,0.07466836126777346,0.48834781381569387,11000.0,False
202516,32.0,53429.0,3427.0,6270648.0,113.0,122344.0,3540.0,0.09236251879945073,0.5465144910063522,11000.0,False
202517,27.0,51562.0,3514.0,5594950.0,100.0,123371.0,3614.0,0.08105632604096587,0.6280663812902707,11000.0,False
202518,20.0,51332.0,3811.0,5788006.0,114.0,120907.0,3925.0,0.09428734481874498,0.6584305544949332,11000.0,False
202519,32.0,52357.0,4104.0,5977176.0,124.0,121082.0,4228.0,0.1024099370674419,0.6866118715594121,11000.0,False
202520,49.0,51377.0,4892.0,6152712.0,163.0,124003.0,5055.0,0.1314484326992089,0.7950965362916386,11000.0,False
202521,45.0,52230.0,4999.0,6008106.0,199.0,131470.0,5198.0,0.15136533049364875,0.8320425771449439,11000.0,False
202522,34.0,48459.0,4702.0,5457327.0,152.0,132319.0,4854.0,0.11487390321873654,0.8615939634916507,11000.0,False
202523,49.0,53118.0,5342.0,6221570.0,149.0,129324.0,5491.0,0.11521450001546503,0.8586257166599427,11000.0,False
202524,57.0,53318.0,6186.0,5961617.0,208.0,131590.0,6394.0,0.1580667223953188,1.0376379428601334,11000.0,False
202525,54.0,53516.0,7002.0,5964047.0,214.0,131913.0,7216.0,0.16222813521032803,1.1740350134732338,11000.0,False
202526,53.0,52681.0,6902.0,5710552.0,200.0,130282.0,7102.0,0.15351314840116057,1.2086397251964434,11000.0,False
202527,49.0,53102.0,7010.0,5732328.0,200.0,127406.0,7210.0,0.15697847825063183,1.2228888507426652,11000.0,False
202528,47.0,51643.0,6351.0,5230720.0,176.0,124390.0,6527.0,0.14149047351073238,1.2141731922182797,11000.0,False
202529,45.0,53272.0,6661.0,5375045.0,173.0,122753.0,6834.0,0.14093341914250568,1.2392454388753955,11000.0,False
202530,68.0,52073.0,6738.0,5382811.0,210.0,119145.0,6948.0,0.17625582273700113,1.251762322697193,11000.0,False
202531,69.0,51503.0,6665.0,5165259.0,217.0,117807.0,6882.0,0.18419958067007902,1.2903515583632883,11000.0,False
202532,65.0,53260.0,6978.0,5581792.0,280.0,121396.0,7258.0,0.23065010379254672,1.2501361569904432,11000.0,False
202533,93.0,53185.0,7528.0,5476757.0,284.0,126038.0,7812.0,0.22532886907123248,1.3745360621258165,11000.0,False
202534,50.0,52851.0,7669.0,5597469.0,225.0,121727.0,7894.0,0.18483984654185184,1.3700835145312997,11000.0,False
202535,74.0,49850.0,7678.0,5620164.0,240.0,120434.0,7918.0,0.1992792732949167,1.3661523044523256,11000.0,False
202536,81.0,48308.0,7905.0,5684741.0,240.0,120425.0,8145.0,0.19929416649366827,1.3905646712840567,11000.0,False
202537,89.0,49580.0,8664.0,5773208.0,274.0,121123.0,8938.0,0.2262163255533631,1.5007254199051896,11000.0,False
202538,56.0,48539.0,8594.0,5807446.0,266.0,124014.0,8860.0,0.2144919122034609,1.479824349636656,11000.0,False
202539,50.0,51360.0,8603.0,5816449.0,241.0,125799.0,8844.0,0.19157544972535553,1.4790811369617443,11000.0,False
202540,80.0,49726.0,8676.0,5851822.0,307.0,133463.0,8983.0,0.23002629942381034,1.4826151581507434,11000.0,False
202541,69.0,43583.0,8085.0,4707384.0,352.0,146899.0,8437.0,0.23962041947188203,1.7175144411418317,11000.0,False
202542,67.0,53156.0,9038.0,6199538.0,283.0,131474.0,9321.0,0.21525168474375161,1.4578505688649703,11000.0,False
202543,95.0,46804.0,8645.0,5121960.0,293.0,122781.0,8938.0,0.23863627108428828,1.6878304399097221,11000.0,False
202544,71.0,49751.0,10164.0,5736573.0,288.0,117471.0,10452.0,0.2451668922542585,1.7717895335769283,11000.0,False
202545,64.0,51380.0,10951.0,5759560.0,306.0,116719.0,11257.0,0.2621681131606679,1.9013605205953232,11000.0,True
202546,88.0,50177.0,11510.0,5344175.0,346.0,117451.0,11856.0,0.2945909357945015,2.153746836508909,11000.0,True
202547,97.0,51048.0,12211.0,5681886.0,355.0,112219.0,12566.0,0.3163457168572167,2.149110348218884,11000.0,True
202548,80.0,50795.0,12244.0,5830674.0,328.0,114806.0,12572.0,0.28569935369231575,2.099928756092349,11000.0,True
202549,83.0,50590.0,10848.0,5835695.0,318.0,113924.0,11166.0,0.2791334573926477,1.8589045520713472,11000.0,True
202550,92.0,53337.0,10492.0,5838250.0,317.0,112908.0,10809.0,0.2807595564530414,1.7971138611741533,11000.0,True
202551,91.0,53395.0,10488.0,5975456.0,263.0,112090.0,10751.0,0.2346328842894103,1.7551798557298388,11000.0,False
202552,72.0,49344.0,9951.0,5361453.0,279.0,111646.0,10230.0,0.2498969958619207,1.856026715146062,11000.0,False
202553,88.0,46777.0,9077.0,4994575.0,272.0,114021.0,9349.0,0.23855254733777112,1.8173718484555743,11000.0,False
202601,90.0,53714.0,8349.0,6060678.0,221.0,112810.0,8570.0,0.19590461838489495,1.3775686482601452,12000.0,False
202602,50.0,52998.0,6994.0,6233401.0,200.0,118928.0,7194.0,0.16816897618727297,1.1220199053454125,12000.0,False
202603,52.0,50996.0,6873.0,6023792.0,207.0,116929.0,7080.0,0.177030505691488,1.1409756512177047,12000.0,False
202604,43.0,52033.0,6253.0,5831906.0,162.0,117042.0,6415.0,0.13841185215563645,1.0722052104406348,12000.0,False
202605,48.0,52230.0,5934.0,6199023.0,170.0,117465.0,6104.0,0.14472396032860851,0.9572476178907547,12000.0,False
202606,22.0,43412.0,5387.0,7190058.0,115.0,123248.0,5502.0,0.09330780215500455,0.749229004828612,12000.0,False
202607,32.0,20571.0,1690.0,1320007.0,256.0,180425.0,1946.0,0.1418872107523902,1.280296240853268,12000.0,False
202608,32.0,56163.0,2729.0,5992406.0,118.0,128654.0,2847.0,0.09171887387877563,0.4554097302485846,12000.0,False
202609,41.0,53396.0,3002.0,6031099.0,109.0,116057.0,3111.0,0.09391936720749287,0.49775339453058226,12000.0,False
202610,27.0,51628.0,3373.0,6201028.0,79.0,112567.0,3452.0,0.07018042587969832,0.5439420689601788,12000.0,False
202611,26.0,52016.0,3087.0,6009351.0,94.0,120470.0,3181.0,0.07802772474474973,0.5136993994859013,12000.0,False
202612,26.0,55220.0,3001.0,5984133.0,77.0,120570.0,3078.0,0.06386331591606535,0.5014928645469611,12000.0,False
202613,34.0,48313.0,2914.0,5355235.0,117.0,118817.0,3031.0,0.09847075755152881,0.5441404532200734,12000.0,False
202614,31.0,51377.0,3018.0,5708526.0,126.0,121813.0,3144.0,0.1034372357630138,0.5286828859148579,12000.0,False
202615,46.0,53467.0,3556.0,5841304.0,148.0,120555.0,3704.0,0.12276554269835345,0.6087681791599958,12000.0,False
202616,61.0,52999.0,4000.0,5758048.0,144.0,115731.0,4144.0,0.12442647173186096,0.694679863731598,12000.0,False
202617,45.0,48907.0,3829.0,5375878.0,163.0,118366.0,3992.0,0.13770846357906832,0.7122557468752081,12000.0,False
202618,59.0,54231.0,4088.0,6129675.0,121.0,117519.0,4209.0,0.10296207421778605,0.666919534885618,12000.0,False
202619,57.0,53054.0,4636.0,5582791.0,156.0,119063.0,4792.0,0.13102307181912096,0.8304090194313203,12000.0,False
202620,63.0,53581.0,5144.0,5779571.0,159.0,120911.0,5303.0,0.1315016830561322,0.8900314573521114,12000.0,False
202621,63.0,53276.0,5660.0,5682263.0,172.0,122405.0,5832.0,0.1405171357379192,0.9960820187309176,12000.0,False
202622,60.0,52093.0,5734.0,5772507.0,192.0,118653.0,5926.0,0.16181638896614498,0.9933292415236569,12000.0,False
202623,76.0,51237.0,5978.0,5437201.0,190.0,115917.0,6168.0,0.16391038415417927,1.0994627566646884,12000.0,False
202624,74.0,45634.0,6317.0,4903605.0,265.0,125050.0,6582.0,0.21191523390643743,1.2882358999144508,12000.0,False
202625,91.0,53633.0,6946.0,5619170.0,278.0,124201.0,7224.0,0.2238307260005958,1.2361256199759039,12000.0,False
202626,95.0,53936.0,7620.0,5888384.0,300.0,125640.0,7920.0,0.2387774594078319,1.2940732126165684,12000.0,False
202627,124.0,53507.0,7333.0,5059940.0,399.0,129031.0,7732.0,0.309228014973146,1.4492266706719843,12000.0,False
202628,128.0,54359.0,7603.0,5921581.0,317.0,128280.0,7920.0,0.24711568444028686,1.2839476484405095,12000.0,False
202629,92.0,55251.0,6715.0,5698820.0,259.0,123714.0,6974.0,0.20935383222594048,1.17831410713095,12000.0,False
202630,108.0,53340.0,6120.0,5658698.0,292.0,126216.0,6412.0,0.2313494327185143,1.0815208728226882,12000.0,False
202631,104.0,53547.0,6107.0,5484227.0,297.0,128376.0,6404.0,0.2313516545148626,1.1135571157065527,12000.0,False
202632,86.0,53596.0,6448.0,5599611.0,329.0,127773.0,6777.0,0.25748788867757666,1.151508560148196,12000.0,False
202633,96.0,52222.0,6449.0,5409364.0,316.0,125746.0,6765.0,0.25130024016668523,1.1921919101765013,12000.0,False
202634,80.0,48147.0,6907.0,5343552.0,319.0,124879.0,7226.0,0.2554472729602255,1.2925859054052435,12000.0,False
202635,130.0,48378.0,8242.0,5465570.0,374.0,126452.0,8616.0,0.2957644007212223,1.5079854434212716,12000.0,False
202636,130.0,47722.0,9741.0,5635209.0,467.0,129842.0,10208.0,0.3596679040680211,1.7285960467482218,12000.0,False
