p_star,區域,事件型態,year,鄉鎮數,鄉鎮週,警示週,真警示週,假警示週,事件週,漏掉事件週
0.3,其他縣市,下限群聚,2010,200,6196,11,0,11,2,2
0.3,其他縣市,下限群聚,2011,200,6167,11,2,9,18,16
0.3,其他縣市,下限群聚,2012,200,6197,1,0,1,2,2
0.3,其他縣市,下限群聚,2013,200,6351,15,4,11,21,17
0.3,其他縣市,下限群聚,2014,200,6352,49,8,41,32,24
0.3,其他縣市,下限群聚,2015,200,6103,175,23,152,91,68
0.3,其他縣市,下限群聚,2016,200,6200,0,0,0,4,4
0.3,其他縣市,下限群聚,2018,200,6164,25,6,19,18,12
0.3,其他縣市,下限群聚,2019,200,6397,7,1,6,2,1
0.3,其他縣市,下限群聚,2020,200,6187,4,0,4,5,5
0.3,其他縣市,下限群聚,2023,200,6023,150,26,124,94,68
0.3,其他縣市,下限群聚,2024,200,6387,0,0,0,5,5
0.3,其他縣市,流行中加速,2010,1,4,3,1,2,2,1
0.3,其他縣市,流行中加速,2011,4,33,22,7,15,8,1
0.3,其他縣市,流行中加速,2012,1,3,1,1,0,1,0
0.3,其他縣市,流行中加速,2013,5,49,24,17,7,21,4
0.3,其他縣市,流行中加速,2014,7,48,22,13,9,20,7
0.3,其他縣市,流行中加速,2015,18,97,38,22,16,38,16
0.3,其他縣市,流行中加速,2018,5,36,29,12,17,14,2
0.3,其他縣市,流行中加速,2019,1,3,2,1,1,1,0
0.3,其他縣市,流行中加速,2020,2,13,4,1,3,6,5
0.3,其他縣市,流行中加速,2023,19,177,102,35,67,52,17
0.3,其他縣市,流行中加速,2024,2,13,4,4,0,6,2
0.3,台南高雄,下限群聚,2010,74,2092,39,15,24,60,45
0.3,台南高雄,下限群聚,2011,74,2158,50,19,31,45,26
0.3,台南高雄,下限群聚,2012,74,2095,42,18,24,65,47
0.3,台南高雄,下限群聚,2013,74,2345,11,2,9,12,10
0.3,台南高雄,下限群聚,2014,73,1882,40,15,25,83,68
0.3,台南高雄,下限群聚,2015,74,1422,132,59,73,176,117
0.3,台南高雄,下限群聚,2016,74,2294,47,0,47,0,0
0.3,台南高雄,下限群聚,2018,74,2294,6,0,6,0,0
0.3,台南高雄,下限群聚,2019,74,2358,17,3,14,11,8
0.3,台南高雄,下限群聚,2020,74,2294,3,0,3,0,0
0.3,台南高雄,下限群聚,2023,74,1592,151,44,107,149,105
0.3,台南高雄,下限群聚,2024,74,2368,7,0,7,0,0
0.3,台南高雄,流行中加速,2010,18,202,102,49,53,71,22
0.3,台南高雄,流行中加速,2011,14,136,49,33,16,54,21
0.3,台南高雄,流行中加速,2012,17,199,80,46,34,78,32
0.3,台南高雄,流行中加速,2013,5,23,8,7,1,9,2
0.3,台南高雄,流行中加速,2014,30,486,155,97,58,201,104
0.3,台南高雄,流行中加速,2015,59,872,387,250,137,342,92
0.3,台南高雄,流行中加速,2019,2,10,6,5,1,5,0
0.3,台南高雄,流行中加速,2023,47,702,392,209,183,279,70
0.5,其他縣市,下限群聚,2010,200,6196,7,0,7,2,2
0.5,其他縣市,下限群聚,2011,200,6167,8,2,6,18,16
0.5,其他縣市,下限群聚,2012,200,6197,1,0,1,2,2
0.5,其他縣市,下限群聚,2013,200,6351,13,4,9,21,17
0.5,其他縣市,下限群聚,2014,200,6352,38,6,32,32,26
0.5,其他縣市,下限群聚,2015,200,6103,125,18,107,91,73
0.5,其他縣市,下限群聚,2016,200,6200,0,0,0,4,4
0.5,其他縣市,下限群聚,2018,200,6164,19,5,14,18,13
0.5,其他縣市,下限群聚,2019,200,6397,3,1,2,2,1
0.5,其他縣市,下限群聚,2020,200,6187,3,0,3,5,5
0.5,其他縣市,下限群聚,2023,200,6023,82,17,65,94,77
0.5,其他縣市,下限群聚,2024,200,6387,0,0,0,5,5
0.5,其他縣市,流行中加速,2010,1,4,1,1,0,2,1
0.5,其他縣市,流行中加速,2011,4,33,11,6,5,8,2
0.5,其他縣市,流行中加速,2012,1,3,1,1,0,1,0
0.5,其他縣市,流行中加速,2013,5,49,9,8,1,21,13
0.5,其他縣市,流行中加速,2014,7,48,13,10,3,20,10
0.5,其他縣市,流行中加速,2015,18,97,19,14,5,38,24
0.5,其他縣市,流行中加速,2018,5,36,15,8,7,14,6
0.5,其他縣市,流行中加速,2019,1,3,2,1,1,1,0
0.5,其他縣市,流行中加速,2020,2,13,2,1,1,6,5
0.5,其他縣市,流行中加速,2023,19,177,35,22,13,52,30
0.5,其他縣市,流行中加速,2024,2,13,4,4,0,6,2
0.5,台南高雄,下限群聚,2010,74,2092,34,12,22,60,48
0.5,台南高雄,下限群聚,2011,74,2158,32,12,20,45,33
0.5,台南高雄,下限群聚,2012,74,2095,29,15,14,65,50
0.5,台南高雄,下限群聚,2013,74,2345,5,2,3,12,10
0.5,台南高雄,下限群聚,2014,73,1882,29,11,18,83,72
0.5,台南高雄,下限群聚,2015,74,1422,92,46,46,176,130
0.5,台南高雄,下限群聚,2016,74,2294,11,0,11,0,0
0.5,台南高雄,下限群聚,2018,74,2294,4,0,4,0,0
0.5,台南高雄,下限群聚,2019,74,2358,13,2,11,11,9
0.5,台南高雄,下限群聚,2020,74,2294,0,0,0,0,0
0.5,台南高雄,下限群聚,2023,74,1592,85,32,53,149,117
0.5,台南高雄,下限群聚,2024,74,2368,1,0,1,0,0
0.5,台南高雄,流行中加速,2010,18,202,47,34,13,71,37
0.5,台南高雄,流行中加速,2011,14,136,26,23,3,54,31
0.5,台南高雄,流行中加速,2012,17,199,45,32,13,78,46
0.5,台南高雄,流行中加速,2013,5,23,6,6,0,9,3
0.5,台南高雄,流行中加速,2014,30,486,55,47,8,201,154
0.5,台南高雄,流行中加速,2015,59,872,221,176,45,342,166
0.5,台南高雄,流行中加速,2019,2,10,6,5,1,5,0
0.5,台南高雄,流行中加速,2023,47,702,187,137,50,279,142
