raw,calibrated
0.0,0.0
0.01,0.0
0.02,0.029050613956357357
0.03,0.04900873482891574
0.04,0.06597440067968181
0.05,0.08294006653044789
0.06,0.09990573238121395
0.07,0.11687139823198003
0.08,0.1338370640827461
0.09,0.15080272993351215
0.1,0.16776839578427824
0.11,0.1848864548881754
0.12,0.19735687053493473
0.13,0.20411186366997452
0.14,0.21086685680501432
0.15,0.21525764705545247
0.16,0.21741884568329956
0.17,0.2197139359354218
0.18,0.22394661164499607
0.19,0.22817928735457035
0.2,0.23241196306414466
0.21,0.238522976453418
0.22,0.24466116411033517
0.23,0.2505372713472736
0.24,0.2551604418604726
0.25,0.27675395395764485
0.26,0.2808188836124208
0.27,0.28401135569778757
0.28,0.28720382778315434
0.29,0.2877274520598641
0.3,0.2881922071263587
0.31,0.2886569621928532
0.32,0.2894250954837455
0.33,0.29227085514933954
0.34,0.318407429673697
0.35,0.34710926267790015
0.36,0.3608391464415208
0.37,0.3679239607239291
0.38,0.37500877500633734
0.39,0.3897915371790373
0.4,0.40789260714873166
0.41,0.4270283628694227
0.42,0.44891990977882484
0.43,0.4549347738503261
0.44,0.4596727800525002
0.45,0.46441078625467425
0.46,0.4691487924568483
0.47,0.4739519838784317
0.48,0.47952123241094036
0.49,0.4850904809434491
0.5,0.4906597294759578
0.51,0.4962289780084665
0.52,0.5017982265409752
0.53,0.5104205961580834
0.54,0.5233285629093615
0.55,0.5351253274092995
0.56,0.5456880930861946
0.57,0.5567181019415938
0.58,0.574379037388441
0.59,0.5920399728352882
0.6,0.6097009082821353
0.61,0.6135171654596396
0.62,0.6139871243234414
0.63,0.614457083187243
0.64,0.6149270420510446
0.65,0.6153970009148464
0.66,0.615866959778648
0.67,0.6163369186424497
0.68,0.6177884752181269
0.69,0.6232628823937384
0.7,0.62873728956935
0.71,0.6342116967449616
0.72,0.6396861039205732
0.73,0.6451605110961849
0.74,0.6506349182717964
0.75,0.6561093254474081
0.76,0.6592806487496203
0.77,0.6596973297283447
0.78,0.6601140107070691
0.79,0.6605306916857935
0.8,0.6609473726645179
0.81,0.6613640536432424
0.82,0.6617807346219667
0.83,0.6621974156006911
0.84,0.6626140965794155
0.85,0.6630307775581399
0.86,0.6639455920973257
0.87,0.665317823683717
0.88,0.6666900552701082
0.89,0.6680622868564995
0.9,0.6694345184428907
0.91,0.6708067500292819
0.92,0.6721789816156731
0.93,0.6735512132020645
0.94,0.6749234447884557
0.95,0.6762956763748469
0.96,0.6776679079612381
0.97,0.6790401395476294
0.98,0.7777777777777778
0.99,0.9230769230769231
1.0,0.9230769230769231
