p_star,alerts,alert_rate_per_site_week,sensitivity,false_alarm_per100,ppv,n_weeks,event_weeks,version,events_detected,lead_median,lead_ge3
0.1,4728,0.04589221928870943,0.7089871611982882,3.2074592998483964,0.3153553299492386,103024,2103,raw,0.6757369614512472,11.5,0.5396825396825397
0.15,4088,0.03968007454573692,0.6685687113647171,2.657524202098671,0.3439334637964775,103024,2103,raw,0.6349206349206349,10.0,0.48072562358276644
0.2,3374,0.032749650566858204,0.609129814550642,2.073899386648963,0.3796680497925311,103024,2103,raw,0.5714285714285714,8.0,0.40589569160997735
0.25,2864,0.027799347724801988,0.5606276747503567,1.6696227742491652,0.41166201117318435,103024,2103,raw,0.5306122448979592,6.0,0.36961451247165533
0.3,2423,0.023518791737847492,0.5016642891107941,1.3555157003993223,0.435410647957078,103024,2103,raw,0.47845804988662133,5.0,0.3242630385487528
0.35,2098,0.020364186985556764,0.4640989063242986,1.111760684099444,0.4652049571020019,103024,2103,raw,0.4489795918367347,5.0,0.30158730158730157
0.4,1788,0.017355179375679455,0.4241559676652401,0.887823148799556,0.4988814317673378,103024,2103,raw,0.42630385487528344,4.0,0.2698412698412698
0.45,1559,0.015132396334834602,0.3856395625297194,0.7411737893996294,0.5202052597819115,103024,2103,raw,0.3854875283446712,3.5,0.23356009070294784
0.5,1339,0.012996971579437801,0.34284355682358536,0.6123601628996939,0.5384615384615384,103024,2103,raw,0.3378684807256236,4.0,0.19727891156462585
0.55,1156,0.011220686441994098,0.3043271516880647,0.5112910097997444,0.5536332179930796,103024,2103,raw,0.29931972789115646,3.0,0.17687074829931973
0.6,1003,0.009735595589377232,0.2677127912505944,0.435984581999782,0.5613160518444666,103024,2103,raw,0.26077097505668934,3.0,0.1473922902494331
0.65,875,0.00849316664078273,0.2330004755111745,0.38148650924980926,0.56,103024,2103,raw,0.2290249433106576,3.0,0.13151927437641722
0.7,764,0.007415747786923436,0.20494531621493106,0.329961058649835,0.5641361256544503,103024,2103,raw,0.19047619047619047,3.0,0.10884353741496598
0.75,620,0.006018015219754621,0.1745126010461246,0.25069113464987464,0.5919354838709677,103024,2103,raw,0.16326530612244897,3.0,0.08616780045351474
0.8,495,0.004804705699642801,0.1393247741321921,0.20015655809989993,0.591919191919192,103024,2103,raw,0.13151927437641722,2.0,0.061224489795918366
0.85,355,0.003445799037117565,0.10223490252020923,0.13872236699993065,0.6056338028169014,103024,2103,raw,0.09523809523809523,2.0,0.04081632653061224
0.9,258,0.0025042708495107936,0.08036138849262958,0.08818779044995591,0.6550387596899225,103024,2103,raw,0.06575963718820861,2.0,0.031746031746031744
0.1,4726,0.045872806336387635,0.7089871611982882,3.2054775517483973,0.31548878544223447,103024,2103,calibrated,0.6757369614512472,11.5,0.5396825396825397
0.15,4648,0.04511570119583786,0.7023300047551118,3.142061612548429,0.3177710843373494,103024,2103,calibrated,0.671201814058957,11.0,0.5396825396825397
0.2,3536,0.03432209970492312,0.6119828815977175,2.2284757384488856,0.3639705882352941,103024,2103,calibrated,0.5782312925170068,8.0,0.41496598639455784
0.25,2397,0.023266423357664233,0.4950071326676177,1.3436252117993281,0.43429286608260326,103024,2103,calibrated,0.47165532879818595,5.0,0.32653061224489793
0.3,2072,0.020111818605373505,0.4560152163575844,1.1028428176494485,0.46283783783783783,103024,2103,calibrated,0.4489795918367347,4.5,0.30158730158730157
0.35,1884,0.01828700108712533,0.4322396576319544,0.966102198749517,0.482484076433121,103024,2103,calibrated,0.42857142857142855,4.0,0.2743764172335601
0.4,1533,0.014880027954651343,0.37422729434141705,0.7391920412996305,0.5133724722765819,103024,2103,calibrated,0.3832199546485261,4.0,0.23582766439909297
0.45,1246,0.012094269296474608,0.3152639087018545,0.5776795711497111,0.5321027287319422,103024,2103,calibrated,0.3219954648526077,3.0,0.17687074829931973
0.5,994,0.009648237303929181,0.26153114598193056,0.43994807819978005,0.5533199195171026,103024,2103,calibrated,0.2562358276643991,4.0,0.14965986394557823
0.55,477,0.0046299891287467,0.1350451735615787,0.19123869164990437,0.5953878406708596,103024,2103,calibrated,0.12244897959183673,2.5,0.061224489795918366
0.6,250,0.002426619040223637,0.07608178792201617,0.08917866449995542,0.64,103024,2103,calibrated,0.06349206349206349,2.5,0.031746031746031744
0.65,232,0.0022519024693275352,0.06990014265335236,0.08422429424995789,0.6336206896551724,103024,2103,calibrated,0.05668934240362812,2.0,0.027210884353741496
0.7,232,0.0022519024693275352,0.06990014265335236,0.08422429424995789,0.6336206896551724,103024,2103,calibrated,0.05668934240362812,2.0,0.027210884353741496
0.75,232,0.0022519024693275352,0.06990014265335236,0.08422429424995789,0.6336206896551724,103024,2103,calibrated,0.05668934240362812,2.0,0.027210884353741496
0.8,70,0.0006794533312626185,0.025202092249167855,0.016844858849991578,0.7571428571428571,103024,2103,calibrated,0.013605442176870748,1.5,0.0045351473922902496
0.85,70,0.0006794533312626185,0.025202092249167855,0.016844858849991578,0.7571428571428571,103024,2103,calibrated,0.013605442176870748,1.5,0.0045351473922902496
0.9,70,0.0006794533312626185,0.025202092249167855,0.016844858849991578,0.7571428571428571,103024,2103,calibrated,0.013605442176870748,1.5,0.0045351473922902496
