p_star,alerts,sensitivity,false_alarm_per100,ppv,tp,fp,fn,tn,mode,model,auc,n_weeks,event_weeks
0.2,3601,0.6890156918687589,2.132360955598934,0.40238822549291864,1449,2152,654,98769,final,tfm,0.9194983060035146,103024,2103
0.3,2341,0.5725154541131716,1.1266237948494366,0.5143101238786844,1204,1137,899,99784,final,tfm,0.9194983060035146,103024,2103
0.4,1723,0.48026628625772705,0.7064931976496468,0.5861868833430064,1010,713,1093,100208,final,tfm,0.9194983060035146,103024,2103
0.5,1317,0.39467427484545886,0.4825556623497587,0.6302201974183751,830,487,1273,100434,final,tfm,0.9194983060035146,103024,2103
0.6,1025,0.3147883975273419,0.35968728014982015,0.6458536585365854,662,363,1441,100558,final,tfm,0.9194983060035146,103024,2103
0.7,544,0.2187351402757965,0.08323342019995839,0.8455882352941176,460,84,1643,100837,final,tfm,0.9194983060035146,103024,2103
0.8,327,0.1359961959106039,0.040625836049979686,0.8746177370030581,286,41,1817,100880,final,tfm,0.9194983060035146,103024,2103
0.9,173,0.07750832144555397,0.009908740499995046,0.9421965317919075,163,10,1940,100911,final,tfm,0.9194983060035146,103024,2103
0.2,440,0.16833095577746077,0.08521516829995739,0.8045454545454546,354,86,1749,100835,final,naive,0.7504795338027589,103024,2103
0.3,358,0.16214931050879697,0.016844858849991578,0.952513966480447,341,17,1762,100904,final,naive,0.7504795338027589,103024,2103
0.4,336,0.15739419876367094,0.004954370249997523,0.9851190476190477,331,5,1772,100916,final,naive,0.7504795338027589,103024,2103
0.5,336,0.15739419876367094,0.004954370249997523,0.9851190476190477,331,5,1772,100916,final,naive,0.7504795338027589,103024,2103
0.6,336,0.15739419876367094,0.004954370249997523,0.9851190476190477,331,5,1772,100916,final,naive,0.7504795338027589,103024,2103
0.7,336,0.15739419876367094,0.004954370249997523,0.9851190476190477,331,5,1772,100916,final,naive,0.7504795338027589,103024,2103
0.8,336,0.15739419876367094,0.004954370249997523,0.9851190476190477,331,5,1772,100916,final,naive,0.7504795338027589,103024,2103
0.9,322,0.15073704232049454,0.004954370249997523,0.984472049689441,317,5,1786,100916,final,naive,0.7504795338027589,103024,2103
0.2,3650,0.17165953399904899,3.2589847504483704,0.0989041095890411,361,3289,1742,97632,final,snaive,0.7188399594843239,103024,2103
0.3,3308,0.15786970993818356,2.9488411727985255,0.1003627569528416,332,2976,1771,97945,final,snaive,0.7188399594843239,103024,2103
0.4,2952,0.1417023300047551,2.629779728698685,0.10094850948509485,298,2654,1805,98267,final,snaive,0.7188399594843239,103024,2103
0.5,2757,0.12933903946742747,2.4623220142487687,0.09865796155241205,272,2485,1831,98436,final,snaive,0.7188399594843239,103024,2103
0.6,2672,0.12553495007132667,2.386024712398807,0.09880239520958084,264,2408,1839,98513,final,snaive,0.7188399594843239,103024,2103
0.7,2602,0.12410841654778887,2.31963615104884,0.10030745580322828,261,2341,1842,98580,final,snaive,0.7188399594843239,103024,2103
0.8,2436,0.11887779362815026,2.166050673298917,0.10262725779967159,250,2186,1853,98735,final,snaive,0.7188399594843239,103024,2103
0.9,2108,0.10223490252020923,1.8757245766490622,0.10199240986717267,215,1893,1888,99028,final,snaive,0.7188399594843239,103024,2103
0.2,3374,0.609129814550642,2.073899386648963,0.3796680497925311,1281,2093,822,98828,asof_adj,tfm,0.894175862371279,103024,2103
0.3,2423,0.5016642891107941,1.3555157003993223,0.435410647957078,1055,1368,1048,99553,asof_adj,tfm,0.894175862371279,103024,2103
0.4,1788,0.4241559676652401,0.887823148799556,0.4988814317673378,892,896,1211,100025,asof_adj,tfm,0.894175862371279,103024,2103
0.5,1339,0.34284355682358536,0.6123601628996939,0.5384615384615384,721,618,1382,100303,asof_adj,tfm,0.894175862371279,103024,2103
0.6,1003,0.2677127912505944,0.435984581999782,0.5613160518444666,563,440,1540,100481,asof_adj,tfm,0.894175862371279,103024,2103
0.7,764,0.20494531621493106,0.329961058649835,0.5641361256544503,431,333,1672,100588,asof_adj,tfm,0.894175862371279,103024,2103
0.8,495,0.1393247741321921,0.20015655809989993,0.591919191919192,293,202,1810,100719,asof_adj,tfm,0.894175862371279,103024,2103
0.9,258,0.08036138849262958,0.08818779044995591,0.6550387596899225,169,89,1934,100832,asof_adj,tfm,0.894175862371279,103024,2103
0.2,1063,0.26153114598193056,0.5083183876497458,0.5174035747883349,550,513,1553,100408,asof_adj,naive,0.774446232745157,103024,2103
0.3,974,0.25439847836424156,0.4349937079497825,0.5492813141683778,535,439,1568,100482,asof_adj,naive,0.774446232745157,103024,2103
0.4,963,0.25439847836424156,0.42409409339978793,0.5555555555555556,535,428,1568,100493,asof_adj,naive,0.774446232745157,103024,2103
0.5,963,0.25439847836424156,0.42409409339978793,0.5555555555555556,535,428,1568,100493,asof_adj,naive,0.774446232745157,103024,2103
0.6,963,0.25439847836424156,0.42409409339978793,0.5555555555555556,535,428,1568,100493,asof_adj,naive,0.774446232745157,103024,2103
0.7,963,0.25439847836424156,0.42409409339978793,0.5555555555555556,535,428,1568,100493,asof_adj,naive,0.774446232745157,103024,2103
0.8,963,0.25439847836424156,0.42409409339978793,0.5555555555555556,535,428,1568,100493,asof_adj,naive,0.774446232745157,103024,2103
0.9,939,0.24583927722301474,0.41814884909979094,0.5505857294994675,517,422,1586,100499,asof_adj,naive,0.774446232745157,103024,2103
0.2,3686,0.1783166904422254,3.2807839795483598,0.10173629951166577,375,3311,1728,97610,asof_adj,snaive,0.7218860278763166,103024,2103
0.3,3331,0.16310033285782216,2.9607316613985195,0.10297208045631942,343,2988,1760,97933,asof_adj,snaive,0.7218860278763166,103024,2103
0.4,2973,0.14788397527341893,2.6377067210986813,0.10460813992600067,311,2662,1792,98259,asof_adj,snaive,0.7218860278763166,103024,2103
0.5,2783,0.1378982406086543,2.470249006648765,0.10420409629895797,290,2493,1813,98428,asof_adj,snaive,0.7218860278763166,103024,2103
0.6,2698,0.1345696623870661,2.3929608307488035,0.10489251297257228,283,2415,1820,98506,asof_adj,snaive,0.7218860278763166,103024,2103
0.7,2626,0.13219210651450308,2.3265722693988367,0.10586443259710586,278,2348,1825,98573,asof_adj,snaive,0.7218860278763166,103024,2103
0.8,2460,0.12696148359486448,2.1729867916489134,0.10853658536585366,267,2193,1836,98728,asof_adj,snaive,0.7218860278763166,103024,2103
0.9,2122,0.10651450309082264,1.8806789468990597,0.1055607917059378,224,1898,1879,99023,asof_adj,snaive,0.7218860278763166,103024,2103
