區域,事件型態,事件數,其中平靜年,方法,偵測到的事件比例,前置時間中位數（天）,前置 ≥ 3 天的比例
其他縣市,下限群聚,91,17,EWMA,0.0,,
其他縣市,下限群聚,91,17,CUSUM,0.35,0.0,0.01
其他縣市,下限群聚,91,17,TimesFM final p*=0.3,0.43,3.0,0.22
其他縣市,下限群聚,91,17,TimesFM final p*=0.5,0.21,2.0,0.1
其他縣市,下限群聚,91,17,TimesFM asof_adj p*=0.3,0.33,3.0,0.18
其他縣市,下限群聚,91,17,TimesFM asof_adj p*=0.5,0.24,3.5,0.13
其他縣市,流行中加速,31,9,EWMA,0.0,,
其他縣市,流行中加速,31,9,CUSUM,0.77,2.0,0.26
其他縣市,流行中加速,31,9,TimesFM final p*=0.3,0.87,7.0,0.71
其他縣市,流行中加速,31,9,TimesFM final p*=0.5,0.42,5.0,0.29
其他縣市,流行中加速,31,9,TimesFM asof_adj p*=0.3,0.68,4.0,0.48
其他縣市,流行中加速,31,9,TimesFM asof_adj p*=0.5,0.39,3.0,0.23
台南高雄,下限群聚,175,9,EWMA,0.0,,
台南高雄,下限群聚,175,9,CUSUM,0.27,0.0,0.01
台南高雄,下限群聚,175,9,TimesFM final p*=0.3,0.38,4.0,0.25
台南高雄,下限群聚,175,9,TimesFM final p*=0.5,0.22,4.0,0.15
台南高雄,下限群聚,175,9,TimesFM asof_adj p*=0.3,0.39,3.0,0.22
台南高雄,下限群聚,175,9,TimesFM asof_adj p*=0.5,0.28,2.0,0.13
台南高雄,流行中加速,144,2,EWMA,0.2,2.0,0.08
台南高雄,流行中加速,144,2,CUSUM,0.81,2.0,0.38
台南高雄,流行中加速,144,2,TimesFM final p*=0.3,0.7,10.0,0.57
台南高雄,流行中加速,144,2,TimesFM final p*=0.5,0.4,4.0,0.26
台南高雄,流行中加速,144,2,TimesFM asof_adj p*=0.3,0.64,9.0,0.51
台南高雄,流行中加速,144,2,TimesFM asof_adj p*=0.5,0.46,6.0,0.31
