mode,區域,事件型態,鄉鎮週,事件週,AUC,p_star,敏感度,假警報/100,PPV
final,其他縣市,下限群聚,74724,294,0.8279743739494991,0.3,0.35714285714285715,0.454117963186887,0.23702031602708803
final,其他縣市,下限群聚,74724,294,0.8279743739494991,0.5,0.29591836734693877,0.32513771328765284,0.26443768996960487
final,其他縣市,流行中加速,476,169,0.8223502881483338,0.3,0.8165680473372781,44.62540716612378,0.5018181818181818
final,其他縣市,流行中加速,476,169,0.8223502881483338,0.5,0.5680473372781065,10.423452768729641,0.75
final,台南高雄,下限群聚,25194,601,0.8334157961834979,0.3,0.33277870216306155,1.2605212865449518,0.39215686274509803
final,台南高雄,下限群聚,25194,601,0.8334157961834979,0.5,0.22961730449251247,0.557069084698898,0.5018181818181818
final,台南高雄,流行中加速,2630,1039,0.8401959046586036,0.3,0.7324350336862367,22.124450031426775,0.683737646001797
final,台南高雄,流行中加速,2630,1039,0.8401959046586036,0.5,0.4898941289701636,4.776869893148963,0.8700854700854701
asof_adj,其他縣市,下限群聚,74724,294,0.7840487021088162,0.3,0.23809523809523808,0.5078597339782346,0.15625
asof_adj,其他縣市,下限群聚,74724,294,0.7840487021088162,0.5,0.18027210884353742,0.3305118903667876,0.17725752508361203
asof_adj,其他縣市,流行中加速,476,169,0.6869880307615212,0.3,0.6745562130177515,44.62540716612378,0.4541832669322709
asof_adj,其他縣市,流行中加速,476,169,0.6869880307615212,0.5,0.44970414201183434,11.726384364820847,0.6785714285714286
asof_adj,台南高雄,下限群聚,25194,601,0.7970925400968703,0.3,0.2911813643926789,1.504493148456878,0.3211009174311927
asof_adj,台南高雄,下限群聚,25194,601,0.7970925400968703,0.5,0.21963394342762063,0.8254381328020168,0.3940298507462687
asof_adj,台南高雄,流行中加速,2630,1039,0.7681042727711036,0.3,0.6698748796920115,30.35826524198617,0.5903307888040712
asof_adj,台南高雄,流行中加速,2630,1039,0.7681042727711036,0.5,0.44273339749759383,8.359522313010686,0.7757166947723441
