year,n,event_rate,brier_raw,brier_cal,ece_raw,ece_cal
2010,29318,0.012927211951702025,0.011629259964648362,0.011070998021047381,0.0151928645591249,0.002165715546853947
2011,29318,0.012245037178525138,0.01019364052326951,0.009808110599929415,0.015928431366336118,0.002715947684338504
2012,29318,0.013779930418173136,0.011623846776537852,0.011237233346595895,0.014957577027586832,0.0016491658485079128
2013,29318,0.006037246742615458,0.005376895924858251,0.005091868494555365,0.017763591672588647,0.005281628728201217
2014,29318,0.03219864929394911,0.026445083542337613,0.0261476136319037,0.01077211788757643,0.013137308261153263
2015,29318,0.0641585374172863,0.04871653860199343,0.048743900345067065,0.017064677278481884,0.029219368406947548
2016,29318,0.0003069786479295996,0.002035580006161403,0.0017494054861585387,0.023924923189727495,0.013552596673043614
2018,29318,0.0027628078313663962,0.0034616593143242235,0.0029628343417145856,0.020013588227536096,0.008558651739987015
2019,29318,0.0016713281942833753,0.002162141677122233,0.0017055526529385896,0.01989153680136566,0.008622337994911716
2020,29318,0.0010914796370830207,0.0016237771212649944,0.0012782246710410278,0.019494467604489012,0.008318740355798014
2023,29318,0.05563135275257521,0.04376267396114719,0.04386447586102463,0.011491522405549433,0.022468332443283983
2024,29318,0.000955044682447643,0.0013914496750680493,0.001501926324610447,0.01996777577551634,0.022838570594153465
