區域,方法,敏感度,假警報/100,PPV,每季真警示,每季假警報
其他縣市,規則：最近 7 天已通報 ≥ 1 例,0.4489795918367347,1.6270321107080479,0.09828741623231571,11.0,100.91666666666667
其他縣市,規則：最近 7 天已通報 ≥ 2 例,0.1870748299319728,0.13435442697836894,0.3548387096774194,4.583333333333333,8.333333333333334
其他縣市,規則：最近 7 天已通報 ≥ 3 例,0.0782312925170068,0.0067177213489184465,0.8214285714285714,1.9166666666666667,0.4166666666666667
其他縣市,TimesFM p* = 0.1,0.3673469387755102,1.0399032648125757,0.12244897959183673,9.0,64.5
其他縣市,TimesFM p* = 0.2,0.29591836734693877,0.6758027677011957,0.14745762711864407,7.25,41.916666666666664
其他縣市,TimesFM p* = 0.3,0.23809523809523808,0.5078597339782346,0.15625,5.833333333333333,31.5
其他縣市,TimesFM p* = 0.5,0.18027210884353742,0.3305118903667876,0.17725752508361203,4.416666666666667,20.5
其他縣市,TimesFM p* = 0.7,0.15306122448979592,0.2149670831653903,0.21951219512195122,3.75,13.333333333333334
台南高雄,規則：最近 7 天已通報 ≥ 1 例,0.5041597337770383,3.3464807058919206,0.2690941385435169,25.25,68.58333333333333
台南高雄,規則：最近 7 天已通報 ≥ 2 例,0.17637271214642264,0.42695075834587076,0.5023696682464455,8.833333333333334,8.75
台南高雄,規則：最近 7 天已通報 ≥ 3 例,0.04492512479201331,0.008132395397064205,0.9310344827586207,2.25,0.16666666666666666
台南高雄,TimesFM p* = 0.1,0.43094841930116473,4.171918838693937,0.20155642023346304,21.583333333333332,85.5
台南高雄,TimesFM p* = 0.2,0.3410981697171381,2.37872565364128,0.25949367088607594,17.083333333333332,48.75
台南高雄,TimesFM p* = 0.3,0.2911813643926789,1.504493148456878,0.3211009174311927,14.583333333333334,30.833333333333332
台南高雄,TimesFM p* = 0.5,0.21963394342762063,0.8254381328020168,0.3940298507462687,11.0,16.916666666666668
台南高雄,TimesFM p* = 0.7,0.16805324459234608,0.5448704916033017,0.4297872340425532,8.416666666666666,11.166666666666666
