bin,n_raw,mean_pred_raw,observed_raw,n_cal,mean_pred_cal,observed_cal
0.0–0.1,62543,0.019999999999999997,0.028444430232000384,62543,0.022079194620450063,0.028444430232000384
0.1–0.2,3449,0.15106232183745877,0.21542476080023196,1329,0.18265597670633235,0.26636568848758463
0.2–0.3,1980,0.2488563692000221,0.26464646464646463,4346,0.24365435830759427,0.2291762540266912
0.3–0.4,1146,0.3479894191798114,0.32722513089005234,878,0.34505512619750167,0.35193621867881547
0.4–0.5,726,0.4491408317110598,0.4669421487603306,798,0.4462863380232418,0.47869674185463656
0.5–0.6,471,0.5470279847080268,0.5265392781316348,627,0.5489364641889563,0.5215311004784688
0.6–0.7,314,0.646973772594816,0.6401273885350318,588,0.6328933655373398,0.6479591836734694
0.7–0.8,262,0.7483615160911802,0.6259541984732825,153,0.7726735932817624,0.6405228758169934
0.8–0.9,172,0.8414018789508584,0.6627906976744186,0,,
0.9–1.0,199,0.9800000000000004,0.6984924623115578,0,,
