對照偵測器,其假警報/100 鄉鎮週,模式,模型 p*,模型假警報/100,模型敏感度（週）,模型偵測事件比例,模型前置中位數（天）
EWMA,1.07,final,0.6,0.65,0.311,0.18,4.5
EWMA,1.07,asof,0.4,0.83,0.235,0.16,9.0
EWMA,1.07,asof_adj,0.7,0.77,0.201,0.2,3.0
EWMA,1.07,asof_nc2,0.9,0.5,0.034,0.0,
EWMA,1.07,asof_nc7,0.7,0.78,0.09,0.03,4.0
EWMA,1.07,asof_nc7x2,0.7,0.74,0.107,0.04,7.5
EWMA,1.07,asof_ncr1,0.5,0.69,0.225,0.17,4.0
EWMA,1.07,asof_ncr7,0.5,0.55,0.178,0.11,6.0
CUSUM,3.19,final,0.4,1.85,0.486,0.42,4.0
CUSUM,3.19,asof,0.3,2.04,0.34,0.24,11.0
CUSUM,3.19,asof_adj,0.4,2.49,0.44,0.43,4.0
CUSUM,3.19,asof_nc2,0.8,1.71,0.065,0.01,6.0
CUSUM,3.19,asof_nc7,0.5,2.56,0.218,0.17,6.0
CUSUM,3.19,asof_nc7x2,0.5,2.49,0.232,0.18,6.0
CUSUM,3.19,asof_ncr1,0.3,3.05,0.421,0.32,10.0
CUSUM,3.19,asof_ncr7,0.3,2.62,0.375,0.27,11.0
