方法,偵測到的事件比例,前置時間中位數（天）,前置 ≥ 3 天的比例
EWARN 靜態規則,1.0,0.0,0.0
EWMA,0.09,2.0,0.04
CUSUM,0.52,0.0,0.18
TimesFM final p*=0.3,0.54,5.0,0.4
TimesFM final p*=0.5,0.3,4.0,0.2
TimesFM final p*=0.7,0.11,3.0,0.06
TimesFM asof p*=0.3,0.24,11.0,0.2
TimesFM asof p*=0.5,0.08,6.0,0.07
TimesFM asof p*=0.7,0.02,7.0,0.01
TimesFM asof_adj p*=0.3,0.49,6.5,0.34
TimesFM asof_adj p*=0.5,0.34,4.0,0.2
TimesFM asof_adj p*=0.7,0.2,3.0,0.12
TimesFM asof_nc2 p*=0.3,0.35,11.0,0.28
TimesFM asof_nc2 p*=0.5,0.19,6.0,0.13
TimesFM asof_nc2 p*=0.7,0.05,5.0,0.04
TimesFM asof_nc7 p*=0.3,0.32,12.0,0.26
TimesFM asof_nc7 p*=0.5,0.17,6.0,0.12
TimesFM asof_nc7 p*=0.7,0.03,4.0,0.02
TimesFM asof_nc7x2 p*=0.3,0.33,11.5,0.27
TimesFM asof_nc7x2 p*=0.5,0.18,6.0,0.12
TimesFM asof_nc7x2 p*=0.7,0.04,7.5,0.03
TimesFM asof_ncr1 p*=0.3,0.32,10.0,0.24
TimesFM asof_ncr1 p*=0.5,0.17,4.0,0.11
TimesFM asof_ncr1 p*=0.7,0.04,5.0,0.03
TimesFM asof_ncr7 p*=0.3,0.27,11.0,0.21
TimesFM asof_ncr7 p*=0.5,0.11,6.0,0.08
TimesFM asof_ncr7 p*=0.7,0.02,7.0,0.01
