target,label,mode,origin_yw,target_yw,target_week_start,h,median,q10,q20,q30,q40,q50,q60,q70,q80,q90
nhi_out_ili,全國類流感門診就診人次,joint,202638,202639,2026-09-27,1,121208.9140625,110748.921875,114608.109375,117378.765625,119243.328125,121208.9140625,123325.5859375,125350.078125,127840.59375,132203.1875
nhi_out_ili,全國類流感門診就診人次,joint,202638,202640,2026-10-04,2,114585.96875,99567.953125,105127.140625,109005.40625,111862.0625,114585.96875,117451.890625,120628.328125,124690.296875,131174.9375
nhi_out_ili,全國類流感門診就診人次,joint,202638,202641,2026-10-11,3,113944.1328125,94092.390625,100944.4921875,105824.5859375,109750.1171875,113944.1328125,118471.34375,122880.9609375,128018.4921875,136259.65625
nhi_out_ili,全國類流感門診就診人次,joint,202638,202642,2026-10-18,4,105089.921875,84517.8984375,91752.3359375,96945.578125,101131.390625,105089.921875,109383.15625,114054.53125,119843.625,129351.484375
nhi_er_ili,全國類流感急診就診人次,joint,202638,202639,2026-09-27,1,13050.9375,11837.984375,12275.2548828125,12590.466796875,12816.763671875,13050.9375,13296.7431640625,13572.392578125,13916.52734375,14468.326171875
nhi_er_ili,全國類流感急診就診人次,joint,202638,202640,2026-10-04,2,12521.8515625,10847.7587890625,11416.259765625,11826.5546875,12181.52734375,12521.8515625,12869.4521484375,13265.7626953125,13746.43359375,14484.703125
nhi_er_ili,全國類流感急診就診人次,joint,202638,202641,2026-10-11,3,11412.251953125,9748.146484375,10322.845703125,10741.9296875,11080.806640625,11412.251953125,11771.5185546875,12174.876953125,12661.48046875,13466.86328125
nhi_er_ili,全國類流感急診就診人次,joint,202638,202642,2026-10-18,4,10674.609375,8922.791015625,9513.03515625,9950.3193359375,10319.33203125,10674.609375,11068.6064453125,11500.9248046875,12042.3681640625,12961.603515625
rods_ili,RODS 急診類流感就診人次,joint,202638,202639,2026-09-27,1,17049.88671875,15724.470703125,16212.4267578125,16558.25390625,16803.388671875,17049.88671875,17299.361328125,17556.5703125,17893.75,18578.76953125
rods_ili,RODS 急診類流感就診人次,joint,202638,202640,2026-10-04,2,16906.029296875,15020.4619140625,15677.939453125,16150.240234375,16550.34765625,16906.029296875,17281.529296875,17733.7578125,18276.26171875,19266.388671875
rods_ili,RODS 急診類流感就診人次,joint,202638,202641,2026-10-11,3,15339.8837890625,13244.880859375,14001.7607421875,14523.609375,14941.6328125,15339.8837890625,15778.751953125,16262.099609375,16882.1015625,18034.427734375
rods_ili,RODS 急診類流感就診人次,joint,202638,202642,2026-10-18,4,14638.37109375,12358.2275390625,13134.533203125,13724.9619140625,14191.0859375,14638.37109375,15133.322265625,15675.4462890625,16390.46484375,17715.50390625
