run_at,mode,target,label,origin_yw,target_yw,target_week_start,h,median,q10,q20,q30,q40,q50,q60,q70,q80,q90
2026-09-19T22:49+08:00,joint,ev_oe,全國腸病毒門急診就診人次（健保門診 + RODS 急診）,202636,202637,2026-09-13,1,11112.763671875,10276.7275390625,10598.70703125,10816.099609375,10948.2255859375,11112.763671875,11288.810546875,11437.689453125,11664.705078125,12145.73828125
2026-09-19T22:49+08:00,joint,ev_oe,全國腸病毒門急診就診人次（健保門診 + RODS 急診）,202636,202638,2026-09-20,2,11642.765625,10020.64453125,10628.73046875,11026.2294921875,11342.8271484375,11642.765625,11943.3505859375,12285.4580078125,12760.1806640625,13609.6240234375
2026-09-19T22:49+08:00,joint,ev_oe,全國腸病毒門急診就診人次（健保門診 + RODS 急診）,202636,202639,2026-09-27,3,12389.994140625,10093.548828125,10916.9228515625,11500.181640625,11953.328125,12389.994140625,12848.49609375,13355.7392578125,14033.3115234375,15545.234375
2026-09-19T22:49+08:00,joint,ev_oe,全國腸病毒門急診就診人次（健保門診 + RODS 急診）,202636,202640,2026-10-04,4,12865.6103515625,9978.9140625,10996.0185546875,11714.7529296875,12311.408203125,12865.6103515625,13464.2080078125,14128.369140625,15172.931640625,17071.380859375
2026-09-19T22:49+08:00,joint,ev_out,全國腸病毒健保門診就診人次,202636,202637,2026-09-13,1,10599.501953125,9796.33203125,10103.984375,10313.74609375,10446.287109375,10599.501953125,10761.2861328125,10900.5859375,11111.9873046875,11549.7880859375
2026-09-19T22:49+08:00,joint,ev_out,全國腸病毒健保門診就診人次,202636,202638,2026-09-20,2,11021.892578125,9509.8447265625,10081.64453125,10453.3095703125,10746.85546875,11021.892578125,11296.048828125,11607.0068359375,12037.39453125,12807.625
2026-09-19T22:49+08:00,joint,ev_out,全國腸病毒健保門診就診人次,202636,202639,2026-09-27,3,11729.115234375,9596.466796875,10372.2783203125,10913.2548828125,11328.232421875,11729.115234375,12147.994140625,12609.2744140625,13225.8359375,14561.1455078125
2026-09-19T22:49+08:00,joint,ev_out,全國腸病毒健保門診就診人次,202636,202640,2026-10-04,4,12168.1904296875,9490.5009765625,10445.72265625,11115.20703125,11661.1376953125,12168.1904296875,12715.111328125,13318.58984375,14248.568359375,15933.28515625
2026-09-19T22:49+08:00,joint,ev_rods,RODS 急診腸病毒就診人次,202636,202637,2026-09-13,1,466.7276306152344,395.1261291503906,422.2649841308594,439.6956787109375,452.951171875,466.7276306152344,481.2450256347656,495.2469482421875,515.9915771484375,555.4000854492188
2026-09-19T22:49+08:00,joint,ev_rods,RODS 急診腸病毒就診人次,202636,202638,2026-09-20,2,557.3748779296875,446.3121948242187,487.7653198242187,514.3706665039062,536.256103515625,557.3748779296875,579.9708251953125,604.802001953125,639.6707763671875,699.857177734375
2026-09-19T22:49+08:00,joint,ev_rods,RODS 急診腸病毒就診人次,202636,202639,2026-09-27,3,584.01171875,441.07366943359375,492.3607177734375,527.6271362304688,556.3641357421875,584.01171875,614.17333984375,646.7733154296875,690.6962280273438,783.1818237304688
2026-09-19T22:49+08:00,joint,ev_rods,RODS 急診腸病毒就診人次,202636,202640,2026-10-04,4,606.195556640625,441.0382690429687,497.9409484863281,538.9854736328125,573.3623046875,606.195556640625,642.9451904296875,683.1815185546875,744.7496948242188,856.290283203125
2026-09-19T22:49+08:00,uni,ev_oe,全國腸病毒門急診就診人次（健保門診 + RODS 急診）,202636,202637,2026-09-13,1,11103.041015625,10315.2109375,10617.732421875,10828.6064453125,10953.15234375,11103.041015625,11270.919921875,11415.263671875,11624.978515625,12126.7021484375
2026-09-19T22:49+08:00,uni,ev_oe,全國腸病毒門急診就診人次（健保門診 + RODS 急診）,202636,202638,2026-09-20,2,11629.4228515625,10056.76171875,10635.94140625,11034.18359375,11345.1552734375,11629.4228515625,11925.3046875,12275.08984375,12740.5234375,13602.419921875
2026-09-19T22:49+08:00,uni,ev_oe,全國腸病毒門急診就診人次（健保門診 + RODS 急診）,202636,202639,2026-09-27,3,12356.431640625,10079.80078125,10887.0712890625,11469.041015625,11923.203125,12356.431640625,12816.224609375,13336.17578125,13998.37109375,15388.16796875
2026-09-19T22:49+08:00,uni,ev_oe,全國腸病毒門急診就診人次（健保門診 + RODS 急診）,202636,202640,2026-10-04,4,12809.677734375,9941.0048828125,10934.5859375,11656.4892578125,12253.5546875,12809.677734375,13422.744140625,14089.8671875,15025.8115234375,16756.77734375
2026-09-19T22:49+08:00,uni,ev_out,全國腸病毒健保門診就診人次,202636,202637,2026-09-13,1,10575.765625,9869.0576171875,10140.388671875,10330.837890625,10441.6357421875,10575.765625,10727.1416015625,10854.986328125,11042.37109375,11499.9248046875
2026-09-19T22:49+08:00,uni,ev_out,全國腸病毒健保門診就診人次,202636,202638,2026-09-20,2,11008.60546875,9571.1396484375,10104.505859375,10468.650390625,10751.0146484375,11008.60546875,11275.814453125,11592.806640625,12014.869140625,12812.08203125
2026-09-19T22:49+08:00,uni,ev_out,全國腸病毒健保門診就診人次,202636,202639,2026-09-27,3,11731.0869140625,9624.810546875,10379.115234375,10917.830078125,11332.7890625,11731.0869140625,12153.943359375,12630.626953125,13238.63671875,14544.73046875
2026-09-19T22:49+08:00,uni,ev_out,全國腸病毒健保門診就診人次,202636,202640,2026-10-04,4,12180.2861328125,9502.236328125,10438.1640625,11112.484375,11664.623046875,12180.2861328125,12748.26171875,13367.63671875,14246.740234375,15887.34765625
2026-09-19T22:49+08:00,uni,ev_rods,RODS 急診腸病毒就診人次,202636,202637,2026-09-13,1,457.8517150878906,380.1805114746094,408.8454284667969,428.1407470703125,442.8190307617187,457.8517150878906,473.7009887695313,489.4010620117187,511.6575622558594,555.3495483398438
2026-09-19T22:49+08:00,uni,ev_rods,RODS 急診腸病毒就診人次,202636,202638,2026-09-20,2,528.7476806640625,415.9537048339844,457.17816162109375,484.6464538574219,507.3645629882813,528.7476806640625,551.5228271484375,577.0812377929688,613.48193359375,677.1105346679688
2026-09-19T22:49+08:00,uni,ev_rods,RODS 急診腸病毒就診人次,202636,202639,2026-09-27,3,546.2993774414062,399.8471374511719,450.1663208007813,486.367919921875,516.7984619140625,546.2993774414062,578.5349731445312,612.9076538085938,659.8453979492188,758.3976440429688
2026-09-19T22:49+08:00,uni,ev_rods,RODS 急診腸病毒就診人次,202636,202640,2026-10-04,4,575.765380859375,405.1453857421875,462.9857482910156,505.0185546875,540.951416015625,575.765380859375,614.9324951171875,657.510498046875,723.104736328125,842.2947998046875
2026-09-19T22:49+08:00,uni,ev_rods_pct,RODS 急診腸病毒就診百分比（%）,202636,202637,2026-09-13,1,0.3610597252845764,0.3072003424167633,0.3264804482460022,0.3400578200817108,0.3505086898803711,0.3610597252845764,0.3721842169761657,0.3838334679603576,0.3997093439102173,0.4307855367660522
2026-09-19T22:49+08:00,uni,ev_rods_pct,RODS 急診腸病毒就診百分比（%）,202636,202638,2026-09-20,2,0.3871197402477264,0.3087914586067199,0.3362575173377991,0.3554573059082031,0.3718711137771606,0.3871197402477264,0.4036562442779541,0.4226344227790832,0.4485463798046112,0.4935426712036133
2026-09-19T22:49+08:00,uni,ev_rods_pct,RODS 急診腸病毒就診百分比（%）,202636,202639,2026-09-27,3,0.4071516394615173,0.3079298436641693,0.3413675427436828,0.3662106990814209,0.3873323202133178,0.4071516394615173,0.4288496971130371,0.4535353183746338,0.4862666726112366,0.5521183013916016
2026-09-19T22:49+08:00,uni,ev_rods_pct,RODS 急診腸病毒就診百分比（%）,202636,202640,2026-10-04,4,0.4224413633346557,0.3064351081848144,0.3446658849716186,0.373656690120697,0.3988226056098938,0.4224413633346557,0.4489102959632873,0.4781915545463562,0.5204503536224365,0.5990668535232544
2026-10-01T16:13+08:00,joint,ev_oe,全國腸病毒門急診就診人次（健保門診 + RODS 急診）,202638,202639,2026-09-27,1,9761.107421875,8838.4013671875,9178.111328125,9412.740234375,9573.048828125,9761.107421875,9964.275390625,10157.900390625,10426.6064453125,11019.392578125
2026-10-01T16:13+08:00,joint,ev_oe,全國腸病毒門急診就診人次（健保門診 + RODS 急診）,202638,202640,2026-10-04,2,9699.0,8078.46826171875,8654.6240234375,9062.4833984375,9393.2685546875,9699.0,10027.9599609375,10416.072265625,10932.5703125,11844.7529296875
2026-10-01T16:13+08:00,joint,ev_oe,全國腸病毒門急診就診人次（健保門診 + RODS 急診）,202638,202641,2026-10-11,3,10087.3046875,7821.67431640625,8617.59375,9177.6708984375,9649.900390625,10087.3046875,10548.76171875,11096.24609375,11777.875,13071.0234375
2026-10-01T16:13+08:00,joint,ev_oe,全國腸病毒門急診就診人次（健保門診 + RODS 急診）,202638,202642,2026-10-18,4,10647.146484375,7841.07177734375,8792.4560546875,9491.3876953125,10096.751953125,10647.146484375,11240.607421875,11905.3974609375,12749.8525390625,14273.6884765625
2026-10-01T16:13+08:00,joint,ev_out,全國腸病毒健保門診就診人次,202638,202639,2026-09-27,1,9269.845703125,8308.5029296875,8658.63671875,8903.4609375,9078.130859375,9269.845703125,9473.427734375,9668.8671875,9935.529296875,10498.36328125
2026-10-01T16:13+08:00,joint,ev_out,全國腸病毒健保門診就診人次,202638,202640,2026-10-04,2,9204.609375,7602.1083984375,8174.587890625,8581.78515625,8907.1875,9204.609375,9523.3046875,9891.0966796875,10374.94921875,11222.8544921875
2026-10-01T16:13+08:00,joint,ev_out,全國腸病毒健保門診就診人次,202638,202641,2026-10-11,3,9618.587890625,7433.06298828125,8209.421875,8752.720703125,9200.84765625,9618.587890625,10057.8134765625,10569.669921875,11206.0458984375,12374.53125
2026-10-01T16:13+08:00,joint,ev_out,全國腸病毒健保門診就診人次,202638,202642,2026-10-18,4,10180.8212890625,7500.9013671875,8421.6806640625,9094.52734375,9663.544921875,10180.8212890625,10736.9033203125,11356.841796875,12132.765625,13509.4716796875
2026-10-01T16:13+08:00,joint,ev_rods,RODS 急診腸病毒就診人次,202638,202639,2026-09-27,1,503.361083984375,450.2723083496094,469.3907165527344,482.2861328125,492.6726684570313,503.361083984375,514.5975341796875,525.3655395507812,540.4955444335938,569.7650756835938
2026-10-01T16:13+08:00,joint,ev_rods,RODS 急診腸病毒就診人次,202638,202640,2026-10-04,2,537.684326171875,452.281005859375,483.9221801757813,504.641845703125,521.6585083007812,537.684326171875,555.0570678710938,575.4320678710938,602.2242431640625,648.2254638671875
2026-10-01T16:13+08:00,joint,ev_rods,RODS 急診腸病毒就診人次,202638,202641,2026-10-11,3,489.69964599609375,378.4447937011719,416.8208312988281,444.19036865234375,467.513916015625,489.69964599609375,513.9100952148438,540.0127563476562,573.166748046875,633.11474609375
2026-10-01T16:13+08:00,joint,ev_rods,RODS 急診腸病毒就診人次,202638,202642,2026-10-18,4,499.4471435546875,368.9107971191406,411.6427612304687,444.2027587890625,472.9952392578125,499.4471435546875,529.15673828125,560.7658081054688,601.3892822265625,672.9150390625
2026-10-01T16:13+08:00,uni,ev_rods_pct,RODS 急診腸病毒就診百分比（%）,202638,202639,2026-09-27,1,0.3833590149879455,0.3407782018184662,0.3553086519241333,0.3661010265350342,0.3744542598724365,0.3833590149879455,0.392701506614685,0.402141124010086,0.4149704575538635,0.4404970109462738
2026-10-01T16:13+08:00,uni,ev_rods_pct,RODS 急診腸病毒就診百分比（%）,202638,202640,2026-10-04,2,0.3985995650291443,0.3345498740673065,0.3563946485519409,0.3723104596138,0.3860571980476379,0.3985995650291443,0.4121032953262329,0.428411602973938,0.4498652815818786,0.4871794581413269
2026-10-01T16:13+08:00,uni,ev_rods_pct,RODS 急診腸病毒就診百分比（%）,202638,202641,2026-10-11,3,0.4035593867301941,0.3215251863002777,0.3488287925720215,0.3691122233867645,0.3871026039123535,0.4035593867301941,0.4216338098049164,0.4427590370178222,0.4692693948745727,0.5193936824798584
2026-10-01T16:13+08:00,uni,ev_rods_pct,RODS 急診腸病毒就診百分比（%）,202638,202642,2026-10-18,4,0.4092061519622803,0.3115746080875397,0.3432822227478027,0.3676280081272125,0.3891773819923401,0.4092061519622803,0.431608498096466,0.4564650356769562,0.4887356162071228,0.5477133989334106
