fetched_on,yw,hMPV,Parainfluenza,SARS-CoV-2,RSV,Rhinovirus,Adeno,Mycoplasma,Influenza,Positive (%)
2026-09-17,202501,1,13,0,1,5,1,8,20,49.5
2026-09-17,202502,3,14,3,1,13,13,20,38,51.7
2026-09-17,202503,4,20,3,12,11,4,13,38,47.7
2026-09-17,202504,4,18,1,7,17,11,20,45,55.9
2026-09-17,202505,1,5,0,0,4,4,2,2,54.5
2026-09-17,202506,5,17,3,1,12,15,19,34,58.2
2026-09-17,202507,8,16,3,6,13,12,17,45,58.5
2026-09-17,202508,10,17,1,12,14,21,19,44,57.7
2026-09-17,202509,8,26,0,2,23,16,14,19,59.3
2026-09-17,202510,18,37,2,6,21,20,27,35,64.1
2026-09-17,202511,14,27,4,9,27,21,18,38,59.2
2026-09-17,202512,24,21,4,10,26,18,16,37,58.6
2026-09-17,202513,25,27,9,8,29,13,23,24,62.5
2026-09-17,202514,13,16,3,7,15,9,13,13,56
2026-09-17,202515,26,28,5,5,24,18,21,27,60.9
2026-09-17,202516,26,19,7,4,17,8,19,28,54.5
2026-09-17,202517,25,20,7,7,16,18,22,35,58.1
2026-09-17,202518,40,23,15,10,17,11,26,40,69.7
2026-09-17,202519,27,49,34,10,21,18,26,38,66.6
2026-09-17,202520,31,42,29,13,26,16,22,29,63.6
2026-09-17,202521,41,42,48,15,23,24,18,26,65.3
2026-09-17,202522,24,38,42,20,17,17,16,21,67.9
2026-09-17,202523,23,31,45,5,13,19,19,31,56.2
2026-09-17,202524,22,34,57,20,9,18,14,29,57.5
2026-09-17,202525,20,48,60,20,12,18,7,27,58.9
2026-09-17,202526,10,32,57,28,10,24,7,30,65.6
2026-09-17,202527,10,28,83,22,11,28,9,57,59.5
2026-09-17,202528,10,27,53,24,19,29,9,34,65.9
2026-09-17,202529,9,26,46,31,19,14,11,44,56.8
2026-09-17,202530,5,33,46,30,15,17,16,69,66
2026-09-17,202531,4,18,25,21,13,12,6,38,52.1
2026-09-17,202532,8,24,17,36,9,8,13,26,52.6
2026-09-17,202533,2,27,25,45,15,18,8,58,58.6
2026-09-17,202534,6,26,10,33,20,13,9,50,52.7
2026-09-17,202535,4,27,7,44,18,15,5,47,53.2
2026-09-17,202536,3,23,9,29,23,20,6,66,49.4
2026-09-17,202537,1,14,6,32,13,17,3,61,49.2
2026-09-17,202538,2,29,4,31,23,22,12,91,59.9
2026-09-17,202539,2,17,4,35,19,17,10,59,54.3
2026-09-17,202540,1,18,1,36,18,19,2,81,59.7
2026-09-17,202541,2,16,6,28,11,17,3,75,61
2026-09-17,202542,2,30,7,30,12,34,6,87,60.3
2026-09-17,202543,1,25,2,31,16,19,3,81,63.6
2026-09-17,202544,2,8,0,16,13,20,3,50,50.7
2026-09-17,202545,1,10,0,17,14,20,5,48,50.9
2026-09-17,202546,4,20,1,13,14,17,3,51,53.2
2026-09-17,202547,1,14,0,14,13,15,0,52,53.4
2026-09-17,202548,0,8,0,8,16,14,1,44,44.4
2026-09-17,202549,1,15,1,8,13,20,4,45,49.8
2026-09-17,202550,2,7,1,5,9,10,2,45,47.9
2026-09-17,202551,3,9,0,5,17,11,3,27,38.1
2026-09-17,202552,1,4,0,3,10,12,0,20,46.3
2026-09-17,202553,0,20,0,1,9,10,2,27,41.8
2026-09-17,202601,2,14,1,5,14,12,4,26,43.6
2026-09-17,202602,0,20,0,6,17,17,1,39,50.5
2026-09-17,202603,2,29,1,3,11,13,2,50,51.4
2026-09-17,202604,2,23,0,1,17,10,2,35,42.9
2026-09-17,202605,2,23,0,3,14,14,2,44,50.2
2026-09-17,202606,5,28,0,6,12,18,1,39,51.7
2026-09-17,202607,0,1,0,0,1,3,0,1,42.9
2026-09-17,202608,3,15,0,5,10,9,2,13,47.9
2026-09-17,202609,10,29,1,6,4,16,0,32,50.5
2026-09-17,202610,6,21,0,0,9,10,0,38,48
2026-09-17,202611,11,33,3,3,13,20,1,49,53.4
2026-09-17,202612,15,36,0,4,14,15,4,30,52.4
2026-09-17,202613,9,36,0,5,10,16,0,30,55.8
2026-09-17,202614,15,36,0,4,9,13,5,41,57.7
2026-09-17,202615,10,32,0,0,18,22,4,43,52.4
2026-09-17,202616,24,43,4,3,32,18,3,39,51.6
2026-09-17,202617,17,38,2,6,14,15,3,29,59
2026-09-17,202618,23,39,0,8,8,18,3,37,50.7
2026-09-17,202619,25,30,0,9,17,9,2,26,53.4
2026-09-17,202620,36,51,1,13,28,11,4,32,61.8
2026-09-17,202621,33,35,2,8,16,9,3,27,52.6
2026-09-17,202622,32,23,5,16,11,9,1,18,46.9
2026-09-17,202623,40,31,3,7,13,16,3,27,53.6
2026-09-17,202624,22,24,3,6,15,10,2,14,51.3
2026-09-17,202625,35,26,7,13,18,15,3,27,52.2
2026-09-17,202626,31,25,7,10,12,17,3,22,52
2026-09-17,202627,27,27,16,17,23,17,6,32,63.2
2026-09-17,202628,39,23,25,18,17,9,2,35,62
2026-09-17,202629,25,21,33,19,7,15,1,34,58.3
2026-09-17,202630,25,16,52,22,14,10,0,65,65.4
2026-09-17,202631,18,16,78,27,12,17,4,47,60.3
2026-09-17,202632,7,20,75,30,18,12,2,42,61.7
2026-09-17,202633,17,32,68,36,12,26,3,43,69.7
2026-09-17,202634,12,15,56,35,13,17,2,48,63.7
2026-09-17,202635,7,12,50,34,15,14,0,47,65.8
2026-10-01,202501,1,13,0,1,5,1,8,20,49.5
2026-10-01,202502,3,14,3,1,13,13,20,38,51.7
2026-10-01,202503,4,20,3,12,11,4,13,38,47.7
2026-10-01,202504,4,18,1,7,17,11,20,45,55.9
2026-10-01,202505,1,5,0,0,4,4,2,2,54.5
2026-10-01,202506,5,17,3,1,12,15,19,34,58.2
2026-10-01,202507,8,16,3,6,13,12,17,45,58.5
2026-10-01,202508,10,17,1,12,14,21,19,44,57.7
2026-10-01,202509,8,26,0,2,23,16,14,19,59.3
2026-10-01,202510,18,37,2,6,21,20,27,35,64.1
2026-10-01,202511,14,27,4,9,27,21,18,38,59.2
2026-10-01,202512,24,21,4,10,26,18,16,37,58.6
2026-10-01,202513,25,27,9,8,29,13,23,24,62.5
2026-10-01,202514,13,16,3,7,15,9,13,13,56
2026-10-01,202515,26,28,5,5,24,18,21,27,60.9
2026-10-01,202516,26,19,7,4,17,8,19,28,54.5
2026-10-01,202517,25,20,7,7,16,18,22,35,58.1
2026-10-01,202518,40,23,15,10,17,11,26,40,69.7
2026-10-01,202519,27,49,34,10,21,18,26,38,66.6
2026-10-01,202520,31,42,29,13,26,16,22,29,63.6
2026-10-01,202521,41,42,48,15,23,24,18,26,65.3
2026-10-01,202522,24,38,42,20,17,17,16,21,67.9
2026-10-01,202523,23,31,45,5,13,19,19,31,56.2
2026-10-01,202524,22,34,57,20,9,18,14,29,57.5
2026-10-01,202525,20,48,60,20,12,18,7,27,58.9
2026-10-01,202526,10,32,57,28,10,24,7,30,65.6
2026-10-01,202527,10,28,83,22,11,28,9,57,59.5
2026-10-01,202528,10,27,53,24,19,29,9,34,65.9
2026-10-01,202529,9,26,46,31,19,14,11,44,56.8
2026-10-01,202530,5,33,46,30,15,17,16,69,66
2026-10-01,202531,4,18,25,21,13,12,6,38,52.1
2026-10-01,202532,8,24,17,36,9,8,13,26,52.6
2026-10-01,202533,2,27,25,45,15,18,8,58,58.6
2026-10-01,202534,6,26,10,33,20,13,9,50,52.7
2026-10-01,202535,4,27,7,44,18,15,5,47,53.2
2026-10-01,202536,3,23,9,29,23,20,6,66,49.4
2026-10-01,202537,1,14,6,32,13,17,3,61,49.2
2026-10-01,202538,2,29,4,31,23,22,12,91,59.9
2026-10-01,202539,2,17,4,35,19,17,10,59,54.3
2026-10-01,202540,1,18,1,36,18,19,2,81,59.7
2026-10-01,202541,2,16,6,28,11,17,3,75,61
2026-10-01,202542,2,30,7,30,12,34,6,87,60.3
2026-10-01,202543,1,25,2,31,16,19,3,81,63.6
2026-10-01,202544,2,8,0,16,13,20,3,50,50.7
2026-10-01,202545,1,10,0,17,14,20,5,48,50.9
2026-10-01,202546,4,20,1,13,14,17,3,51,53.2
2026-10-01,202547,1,14,0,14,13,15,0,52,53.4
2026-10-01,202548,0,8,0,8,16,14,1,44,44.4
2026-10-01,202549,1,15,1,8,13,20,4,45,49.8
2026-10-01,202550,2,7,1,5,9,10,2,45,47.9
2026-10-01,202551,3,9,0,5,17,11,3,27,38.1
2026-10-01,202552,1,4,0,3,10,12,0,20,46.3
2026-10-01,202553,0,20,0,1,9,10,2,27,41.8
2026-10-01,202601,2,14,1,5,14,12,4,26,43.6
2026-10-01,202602,0,20,0,6,17,17,1,39,50.5
2026-10-01,202603,2,29,1,3,11,13,2,50,51.4
2026-10-01,202604,2,23,0,1,17,10,2,35,42.9
2026-10-01,202605,2,23,0,3,14,14,2,44,50.2
2026-10-01,202606,5,28,0,6,12,18,1,39,51.7
2026-10-01,202607,0,1,0,0,1,3,0,1,42.9
2026-10-01,202608,3,15,0,5,10,9,2,13,47.9
2026-10-01,202609,10,29,1,6,4,16,0,32,50.5
2026-10-01,202610,6,21,0,0,9,10,0,38,48
2026-10-01,202611,11,33,3,3,13,20,1,49,53.4
2026-10-01,202612,15,36,0,4,14,15,4,30,52.4
2026-10-01,202613,9,36,0,5,10,16,0,30,55.8
2026-10-01,202614,15,36,0,4,9,13,5,41,57.7
2026-10-01,202615,10,32,0,0,18,22,4,43,52.4
2026-10-01,202616,24,43,4,3,32,18,3,39,51.6
2026-10-01,202617,17,38,2,6,14,15,3,29,59
2026-10-01,202618,23,39,0,8,8,18,3,37,50.7
2026-10-01,202619,25,30,0,9,17,9,2,26,53.4
2026-10-01,202620,36,51,1,13,28,11,4,32,61.8
2026-10-01,202621,33,35,2,8,16,9,3,27,52.6
2026-10-01,202622,32,23,5,16,11,9,1,18,46.9
2026-10-01,202623,40,31,3,7,13,16,3,27,53.6
2026-10-01,202624,22,24,3,6,15,10,2,14,51.3
2026-10-01,202625,35,26,7,13,18,15,3,27,52.2
2026-10-01,202626,31,25,7,10,12,17,3,22,52
2026-10-01,202627,27,27,16,17,23,17,6,32,63.2
2026-10-01,202628,39,23,25,18,17,9,2,35,62
2026-10-01,202629,25,21,33,19,7,15,1,34,58.3
2026-10-01,202630,25,16,52,22,14,10,0,65,65.4
2026-10-01,202631,18,16,78,27,12,17,4,47,60.3
2026-10-01,202632,7,20,75,30,18,12,2,42,61.7
2026-10-01,202633,17,32,68,36,12,26,3,43,69.7
2026-10-01,202634,12,15,56,35,13,17,2,48,63.5
2026-10-01,202635,7,12,50,34,22,14,0,47,61.6
2026-10-01,202636,7,14,58,42,15,20,4,80,65
2026-10-01,202637,7,13,36,40,11,20,0,69,71.8
