date,name,isHoliday,holidayCategory,description
2008-01-01,中華民國開國紀念日,True,紀念日及節日,
2008-01-05,,True,星期六、星期日,
2008-01-06,,True,星期六、星期日,
2008-01-12,,True,星期六、星期日,
2008-01-13,,True,星期六、星期日,
2008-01-19,,True,星期六、星期日,
2008-01-20,,True,星期六、星期日,
2008-01-26,,True,星期六、星期日,
2008-01-27,,True,星期六、星期日,
2008-02-02,,True,星期六、星期日,
2008-02-03,,True,星期六、星期日,
2008-02-06,春節,True,紀念日及節日,
2008-02-07,春節,True,紀念日及節日,
2008-02-08,春節,True,紀念日及節日,
2008-02-09,春節,True,紀念日及節日,
2008-02-09,,True,星期六、星期日,
2008-02-10,,True,星期六、星期日,
2008-02-11,,True,補假,
2008-02-16,,True,星期六、星期日,
2008-02-17,,True,星期六、星期日,
2008-02-23,,True,星期六、星期日,
2008-02-24,,True,星期六、星期日,
2008-02-28,和平紀念日,True,放假之紀念日及節日,
2008-03-01,,True,星期六、星期日,
2008-03-02,,True,星期六、星期日,
2008-03-08,,True,星期六、星期日,
2008-03-09,,True,星期六、星期日,
2008-03-15,,True,星期六、星期日,
2008-03-16,,True,星期六、星期日,
2008-03-22,,True,星期六、星期日,
2008-03-23,,True,星期六、星期日,
2008-03-29,,True,星期六、星期日,
2008-03-30,,True,星期六、星期日,
2008-04-04,清明節、兒童節,True,放假之紀念日及節日,
2008-04-05,,True,星期六、星期日,
2008-04-06,,True,星期六、星期日,
2008-04-12,,True,星期六、星期日,
2008-04-13,,True,星期六、星期日,
2008-04-19,,True,星期六、星期日,
2008-04-20,,True,星期六、星期日,
2008-04-26,,True,星期六、星期日,
2008-04-27,,True,星期六、星期日,
2008-05-03,,True,星期六、星期日,
2008-05-04,,True,星期六、星期日,
2008-05-10,,True,星期六、星期日,
2008-05-11,,True,星期六、星期日,
2008-05-17,,True,星期六、星期日,
2008-05-18,,True,星期六、星期日,
2008-05-24,,True,星期六、星期日,
2008-05-25,,True,星期六、星期日,
2008-05-31,,True,星期六、星期日,
2008-06-01,,True,星期六、星期日,
2008-06-07,,True,星期六、星期日,
2008-06-08,端午節,True,放假之紀念日及節日,
2008-06-14,,True,星期六、星期日,
2008-06-15,,True,星期六、星期日,
2008-06-21,,True,星期六、星期日,
2008-06-22,,True,星期六、星期日,
2008-06-28,,True,星期六、星期日,
2008-06-29,,True,星期六、星期日,
2008-07-05,,True,星期六、星期日,
2008-07-06,,True,星期六、星期日,
2008-07-12,,True,星期六、星期日,
2008-07-13,,True,星期六、星期日,
2008-07-19,,True,星期六、星期日,
2008-07-20,,True,星期六、星期日,
2008-07-26,,True,星期六、星期日,
2008-07-27,,True,星期六、星期日,
2008-08-02,,True,星期六、星期日,
2008-08-03,,True,星期六、星期日,
2008-08-09,,True,星期六、星期日,
2008-08-10,,True,星期六、星期日,
2008-08-16,,True,星期六、星期日,
2008-08-17,,True,星期六、星期日,
2008-08-23,,True,星期六、星期日,
2008-08-24,,True,星期六、星期日,
2008-08-30,,True,星期六、星期日,
2008-08-31,,True,星期六、星期日,
2008-09-06,,True,星期六、星期日,
2008-09-07,,True,星期六、星期日,
2008-09-13,,True,星期六、星期日,
2008-09-14,中秋節,True,放假之紀念日及節日,
2008-09-20,,True,星期六、星期日,
2008-09-21,,True,星期六、星期日,
2008-09-27,,True,星期六、星期日,
2008-09-28,,True,星期六、星期日,
2008-10-04,,True,星期六、星期日,
2008-10-05,,True,星期六、星期日,
2008-10-10,國慶日,True,放假之紀念日及節日,
2008-10-11,,True,星期六、星期日,
2008-10-12,,True,星期六、星期日,
2008-10-18,,True,星期六、星期日,
2008-10-19,,True,星期六、星期日,
2008-10-25,,True,星期六、星期日,
2008-10-26,,True,星期六、星期日,
2008-11-01,,True,星期六、星期日,
2008-11-02,,True,星期六、星期日,
2008-11-08,,True,星期六、星期日,
2008-11-09,,True,星期六、星期日,
2008-11-15,,True,星期六、星期日,
2008-11-16,,True,星期六、星期日,
2008-11-22,,True,星期六、星期日,
2008-11-23,,True,星期六、星期日,
2008-11-29,,True,星期六、星期日,
2008-11-30,,True,星期六、星期日,
2008-12-06,,True,星期六、星期日,
2008-12-07,,True,星期六、星期日,
2008-12-13,,True,星期六、星期日,
2008-12-14,,True,星期六、星期日,
2008-12-20,,True,星期六、星期日,
2008-12-21,,True,星期六、星期日,
2008-12-27,,True,星期六、星期日,
2008-12-28,,True,星期六、星期日,
2009-01-01,,True,放假之紀念日及節日,
2009-01-02,,True,調整放假日,
2009-01-03,,True,星期六、星期日,
2009-01-04,,True,星期六、星期日,
2009-01-10,,False,補行上班日,
2009-01-11,,True,星期六、星期日,
2009-01-17,,False,補行上班日,
2009-01-18,,True,星期六、星期日,
2009-01-24,,True,星期六、星期日,
2009-01-25,春節,True,紀念日及節日,
2009-01-26,春節,True,紀念日及節日,
2009-01-27,春節,True,紀念日及節日,
2009-01-28,春節,True,紀念日及節日,
2009-01-29,春節,True,紀念日及節日,
2009-01-30,,True,調整放假日,
2009-01-31,,True,星期六、星期日,
2009-02-01,,True,星期六、星期日,
2009-02-07,,True,星期六、星期日,
2009-02-08,,True,星期六、星期日,
2009-02-14,,True,星期六、星期日,
2009-02-15,,True,星期六、星期日,
2009-02-21,,True,星期六、星期日,
2009-02-22,,True,星期六、星期日,
2009-02-28,和平紀念日,True,放假之紀念日及節日,
2009-03-01,,True,星期六、星期日,
2009-03-07,,True,星期六、星期日,
2009-03-08,,True,星期六、星期日,
2009-03-14,,True,星期六、星期日,
2009-03-15,,True,星期六、星期日,
2009-03-21,,True,星期六、星期日,
2009-03-22,,True,星期六、星期日,
2009-03-28,,True,星期六、星期日,
2009-03-29,,True,星期六、星期日,
2009-04-04,清明節、兒童節,True,放假之紀念日及節日,
2009-04-05,,True,星期六、星期日,
2009-04-11,,True,星期六、星期日,
2009-04-12,,True,星期六、星期日,
2009-04-18,,True,星期六、星期日,
2009-04-19,,True,星期六、星期日,
2009-04-25,,True,星期六、星期日,
2009-04-26,,True,星期六、星期日,
2009-05-02,,True,星期六、星期日,
2009-05-03,,True,星期六、星期日,
2009-05-09,,True,星期六、星期日,
2009-05-10,,True,星期六、星期日,
2009-05-16,,True,星期六、星期日,
2009-05-17,,True,星期六、星期日,
2009-05-23,,True,星期六、星期日,
2009-05-24,,True,星期六、星期日,
2009-05-28,端午節,True,放假之紀念日及節日,
2009-05-29,,True,調整放假日,
2009-05-30,,True,星期六、星期日,
2009-05-31,,True,星期六、星期日,
2009-06-06,,False,補行上班日,
2009-06-07,,True,星期六、星期日,
2009-06-13,,True,星期六、星期日,
2009-06-14,,True,星期六、星期日,
2009-06-20,,True,星期六、星期日,
2009-06-21,,True,星期六、星期日,
2009-06-27,,True,星期六、星期日,
2009-06-28,,True,星期六、星期日,
2009-07-04,,True,星期六、星期日,
2009-07-05,,True,星期六、星期日,
2009-07-11,,True,星期六、星期日,
2009-07-12,,True,星期六、星期日,
2009-07-18,,True,星期六、星期日,
2009-07-19,,True,星期六、星期日,
2009-07-25,,True,星期六、星期日,
2009-07-26,,True,星期六、星期日,
2009-08-01,,True,星期六、星期日,
2009-08-02,,True,星期六、星期日,
2009-08-08,,True,星期六、星期日,
2009-08-09,,True,星期六、星期日,
2009-08-15,,True,星期六、星期日,
2009-08-16,,True,星期六、星期日,
2009-08-22,,True,星期六、星期日,
2009-08-23,,True,星期六、星期日,
2009-08-29,,True,星期六、星期日,
2009-08-30,,True,星期六、星期日,
2009-09-05,,True,星期六、星期日,
2009-09-06,,True,星期六、星期日,
2009-09-12,,True,星期六、星期日,
2009-09-13,,True,星期六、星期日,
2009-09-19,,True,星期六、星期日,
2009-09-20,,True,星期六、星期日,
2009-09-26,,True,星期六、星期日,
2009-09-27,,True,星期六、星期日,
2009-10-03,中秋節,True,放假之紀念日及節日,
2009-10-04,,True,星期六、星期日,
2009-10-10,國慶日,True,放假之紀念日及節日,
2009-10-11,,True,星期六、星期日,
2009-10-17,,True,星期六、星期日,
2009-10-18,,True,星期六、星期日,
2009-10-24,,True,星期六、星期日,
2009-10-25,,True,星期六、星期日,
2009-10-31,,True,星期六、星期日,
2009-11-01,,True,星期六、星期日,
2009-11-07,,True,星期六、星期日,
2009-11-08,,True,星期六、星期日,
2009-11-14,,True,星期六、星期日,
2009-11-15,,True,星期六、星期日,
2009-11-21,,True,星期六、星期日,
2009-11-22,,True,星期六、星期日,
2009-11-28,,True,星期六、星期日,
2009-11-29,,True,星期六、星期日,
2009-12-05,,True,星期六、星期日,
2009-12-06,,True,星期六、星期日,
2009-12-12,,True,星期六、星期日,
2009-12-13,,True,星期六、星期日,
2009-12-19,,True,星期六、星期日,
2009-12-20,,True,星期六、星期日,
2009-12-26,,True,星期六、星期日,
2009-12-27,,True,星期六、星期日,
2010-01-01,,True,放假之紀念日及節日,
2010-01-02,,True,星期六、星期日,
2010-01-03,,True,星期六、星期日,
2010-01-09,,True,星期六、星期日,
2010-01-10,,True,星期六、星期日,
2010-01-16,,True,星期六、星期日,
2010-01-17,,True,星期六、星期日,
2010-01-23,,True,星期六、星期日,
2010-01-24,,True,星期六、星期日,
2010-01-30,,True,星期六、星期日,
2010-01-31,,True,星期六、星期日,
2010-02-06,,False,補行上班日,
2010-02-07,,True,星期六、星期日,
2010-02-13,春節,True,紀念日及節日,
2010-02-14,春節,True,紀念日及節日,
2010-02-15,春節,True,紀念日及節日,
2010-02-16,春節,True,紀念日及節日,
2010-02-17,,True,補假,
2010-02-18,,True,補假,
2010-02-18,,True,調整放假日,
2010-02-20,,True,星期六、星期日,
2010-02-21,,True,星期六、星期日,
2010-02-27,,True,星期六、星期日,
2010-02-28,和平紀念日,True,放假之紀念日及節日,
2010-03-06,,True,星期六、星期日,
2010-03-07,,True,星期六、星期日,
2010-03-13,,True,星期六、星期日,
2010-03-14,,True,星期六、星期日,
2010-03-20,,True,星期六、星期日,
2010-03-21,,True,星期六、星期日,
2010-03-27,,True,星期六、星期日,
2010-03-28,,True,星期六、星期日,
2010-04-03,,True,星期六、星期日,
2010-04-04,,True,星期六、星期日,
2010-04-05,清明節、兒童節,True,放假之紀念日及節日,
2010-04-10,,True,星期六、星期日,
2010-04-11,,True,星期六、星期日,
2010-04-17,,True,星期六、星期日,
2010-04-18,,True,星期六、星期日,
2010-04-24,,True,星期六、星期日,
2010-04-25,,True,星期六、星期日,
2010-05-01,,True,星期六、星期日,
2010-05-02,,True,星期六、星期日,
2010-05-08,,True,星期六、星期日,
2010-05-09,,True,星期六、星期日,
2010-05-15,,True,星期六、星期日,
2010-05-16,,True,星期六、星期日,
2010-05-22,,True,星期六、星期日,
2010-05-23,,True,星期六、星期日,
2010-05-29,,True,星期六、星期日,
2010-05-30,,True,星期六、星期日,
2010-06-05,,True,星期六、星期日,
2010-06-06,,True,星期六、星期日,
2010-06-12,,True,星期六、星期日,
2010-06-13,,True,星期六、星期日,
2010-06-16,端午節,True,放假之紀念日及節日,
2010-06-19,,True,星期六、星期日,
2010-06-20,,True,星期六、星期日,
2010-06-26,,True,星期六、星期日,
2010-06-27,,True,星期六、星期日,
2010-07-03,,True,星期六、星期日,
2010-07-04,,True,星期六、星期日,
2010-07-10,,True,星期六、星期日,
2010-07-11,,True,星期六、星期日,
2010-07-17,,True,星期六、星期日,
2010-07-18,,True,星期六、星期日,
2010-07-24,,True,星期六、星期日,
2010-07-25,,True,星期六、星期日,
2010-07-31,,True,星期六、星期日,
2010-08-01,,True,星期六、星期日,
2010-08-07,,True,星期六、星期日,
2010-08-08,,True,星期六、星期日,
2010-08-14,,True,星期六、星期日,
2010-08-15,,True,星期六、星期日,
2010-08-21,,True,星期六、星期日,
2010-08-22,,True,星期六、星期日,
2010-08-28,,True,星期六、星期日,
2010-08-29,,True,星期六、星期日,
2010-09-04,,True,星期六、星期日,
2010-09-05,,True,星期六、星期日,
2010-09-11,,True,星期六、星期日,
2010-09-12,,True,星期六、星期日,
2010-09-18,,True,星期六、星期日,
2010-09-19,,True,星期六、星期日,
2010-09-22,中秋節,True,放假之紀念日及節日,
2010-09-25,,True,星期六、星期日,
2010-09-26,,True,星期六、星期日,
2010-10-02,,True,星期六、星期日,
2010-10-03,,True,星期六、星期日,
2010-10-09,,True,星期六、星期日,
2010-10-10,國慶日,True,放假之紀念日及節日,
2010-10-16,,True,星期六、星期日,
2010-10-17,,True,星期六、星期日,
2010-10-23,,True,星期六、星期日,
2010-10-24,,True,星期六、星期日,
2010-10-30,,True,星期六、星期日,
2010-10-31,,True,星期六、星期日,
2010-11-06,,True,星期六、星期日,
2010-11-07,,True,星期六、星期日,
2010-11-13,,True,星期六、星期日,
2010-11-14,,True,星期六、星期日,
2010-11-20,,True,星期六、星期日,
2010-11-21,,True,星期六、星期日,
2010-11-27,,True,星期六、星期日,
2010-11-28,,True,星期六、星期日,
2010-12-04,,True,星期六、星期日,
2010-12-05,,True,星期六、星期日,
2010-12-11,,True,星期六、星期日,
2010-12-12,,True,星期六、星期日,
2010-12-18,,True,星期六、星期日,
2010-12-19,,True,星期六、星期日,
2010-12-25,,True,星期六、星期日,
2010-12-26,,True,星期六、星期日,
2011-01-01,,True,放假之紀念日及節日,
2011-01-02,,True,星期六、星期日,
2011-01-08,,True,星期六、星期日,
2011-01-09,,True,星期六、星期日,
2011-01-15,,True,星期六、星期日,
2011-01-16,,True,星期六、星期日,
2011-01-22,,True,星期六、星期日,
2011-01-23,,True,星期六、星期日,
2011-01-29,,True,星期六、星期日,
2011-01-30,,True,星期六、星期日,
2011-02-02,春節,True,紀念日及節日,
2011-02-03,春節,True,紀念日及節日,
2011-02-04,春節,True,紀念日及節日,
2011-02-05,春節,True,紀念日及節日,
2011-02-06,,True,星期六、星期日,
2011-02-07,,True,補假,
2011-02-12,,True,星期六、星期日,
2011-02-13,,True,星期六、星期日,
2011-02-19,,True,星期六、星期日,
2011-02-20,,True,星期六、星期日,
2011-02-26,,True,星期六、星期日,
2011-02-27,,True,星期六、星期日,
2011-02-28,和平紀念日,True,放假之紀念日及節日,
2011-03-05,,True,星期六、星期日,
2011-03-06,,True,星期六、星期日,
2011-03-12,,True,星期六、星期日,
2011-03-13,,True,星期六、星期日,
2011-03-19,,True,星期六、星期日,
2011-03-20,,True,星期六、星期日,
2011-03-26,,True,星期六、星期日,
2011-03-27,,True,星期六、星期日,
2011-04-02,,True,星期六、星期日,
2011-04-03,,True,星期六、星期日,
2011-04-04,兒童節,True,放假之紀念日及節日,
2011-04-05,清明節,True,放假之紀念日及節日,
2011-04-09,,True,星期六、星期日,
2011-04-10,,True,星期六、星期日,
2011-04-16,,True,星期六、星期日,
2011-04-17,,True,星期六、星期日,
2011-04-23,,True,星期六、星期日,
2011-04-24,,True,星期六、星期日,
2011-04-30,,True,星期六、星期日,
2011-05-01,,True,星期六、星期日,
2011-05-07,,True,星期六、星期日,
2011-05-08,,True,星期六、星期日,
2011-05-14,,True,星期六、星期日,
2011-05-15,,True,星期六、星期日,
2011-05-21,,True,星期六、星期日,
2011-05-22,,True,星期六、星期日,
2011-05-28,,True,星期六、星期日,
2011-05-29,,True,星期六、星期日,
2011-06-04,,True,星期六、星期日,
2011-06-05,,True,星期六、星期日,
2011-06-06,端午節,True,放假之紀念日及節日,
2011-06-11,,True,星期六、星期日,
2011-06-12,,True,星期六、星期日,
2011-06-18,,True,星期六、星期日,
2011-06-19,,True,星期六、星期日,
2011-06-25,,True,星期六、星期日,
2011-06-26,,True,星期六、星期日,
2011-07-02,,True,星期六、星期日,
2011-07-03,,True,星期六、星期日,
2011-07-09,,True,星期六、星期日,
2011-07-10,,True,星期六、星期日,
2011-07-16,,True,星期六、星期日,
2011-07-17,,True,星期六、星期日,
2011-07-23,,True,星期六、星期日,
2011-07-24,,True,星期六、星期日,
2011-07-30,,True,星期六、星期日,
2011-07-31,,True,星期六、星期日,
2011-08-06,,True,星期六、星期日,
2011-08-07,,True,星期六、星期日,
2011-08-13,,True,星期六、星期日,
2011-08-14,,True,星期六、星期日,
2011-08-20,,True,星期六、星期日,
2011-08-21,,True,星期六、星期日,
2011-08-27,,True,星期六、星期日,
2011-08-28,,True,星期六、星期日,
2011-09-03,,True,星期六、星期日,
2011-09-04,,True,星期六、星期日,
2011-09-10,,True,星期六、星期日,
2011-09-11,,True,星期六、星期日,
2011-09-12,中秋節,True,放假之紀念日及節日,
2011-09-17,,True,星期六、星期日,
2011-09-18,,True,星期六、星期日,
2011-09-24,,True,星期六、星期日,
2011-09-25,,True,星期六、星期日,
2011-10-01,,True,星期六、星期日,
2011-10-02,,True,星期六、星期日,
2011-10-08,,True,星期六、星期日,
2011-10-09,,True,星期六、星期日,
2011-10-10,國慶日,True,放假之紀念日及節日,
2011-10-15,,True,星期六、星期日,
2011-10-16,,True,星期六、星期日,
2011-10-22,,True,星期六、星期日,
2011-10-23,,True,星期六、星期日,
2011-10-29,,True,星期六、星期日,
2011-10-30,,True,星期六、星期日,
2011-11-05,,True,星期六、星期日,
2011-11-06,,True,星期六、星期日,
2011-11-12,,True,星期六、星期日,
2011-11-13,,True,星期六、星期日,
2011-11-19,,True,星期六、星期日,
2011-11-20,,True,星期六、星期日,
2011-11-26,,True,星期六、星期日,
2011-11-27,,True,星期六、星期日,
2011-12-03,,True,星期六、星期日,
2011-12-04,,True,星期六、星期日,
2011-12-10,,True,星期六、星期日,
2011-12-11,,True,星期六、星期日,
2011-12-17,,True,星期六、星期日,
2011-12-18,,True,星期六、星期日,
2011-12-24,,True,星期六、星期日,
2011-12-25,,True,星期六、星期日,
2011-12-31,,True,星期六、星期日,
2012-01-01,,True,放假之紀念日及節日,
2012-01-07,,True,星期六、星期日,
2012-01-08,,True,星期六、星期日,
2012-01-14,,True,星期六、星期日,
2012-01-15,,True,星期六、星期日,
2012-01-21,,True,星期六、星期日,
2012-01-22,春節,True,紀念日及節日,
2012-01-23,春節,True,紀念日及節日,
2012-01-24,春節,True,紀念日及節日,
2012-01-25,春節,True,紀念日及節日,
2012-01-26,,True,補假,
2012-01-27,,True,調整放假日,
2012-01-28,,True,星期六、星期日,
2012-01-29,,True,星期六、星期日,
2012-02-04,,False,補行上班日,
2012-02-05,,True,星期六、星期日,
2012-02-11,,True,星期六、星期日,
2012-02-12,,True,星期六、星期日,
2012-02-18,,True,星期六、星期日,
2012-02-19,,True,星期六、星期日,
2012-02-25,,True,星期六、星期日,
2012-02-26,,True,星期六、星期日,
2012-02-27,,True,調整放假日,
2012-02-28,和平紀念日,True,放假之紀念日及節日,
2012-03-03,,False,補行上班日,
2012-03-04,,True,星期六、星期日,
2012-03-10,,True,星期六、星期日,
2012-03-11,,True,星期六、星期日,
2012-03-17,,True,星期六、星期日,
2012-03-18,,True,星期六、星期日,
2012-03-24,,True,星期六、星期日,
2012-03-25,,True,星期六、星期日,
2012-03-31,,True,星期六、星期日,
2012-04-01,,True,星期六、星期日,
2012-04-04,兒童節、清明節,True,放假之紀念日及節日,
2012-04-07,,True,星期六、星期日,
2012-04-08,,True,星期六、星期日,
2012-04-14,,True,星期六、星期日,
2012-04-15,,True,星期六、星期日,
2012-04-21,,True,星期六、星期日,
2012-04-22,,True,星期六、星期日,
2012-04-28,,True,星期六、星期日,
2012-04-29,,True,星期六、星期日,
2012-05-05,,True,星期六、星期日,
2012-05-06,,True,星期六、星期日,
2012-05-12,,True,星期六、星期日,
2012-05-13,,True,星期六、星期日,
2012-05-19,,True,星期六、星期日,
2012-05-20,,True,星期六、星期日,
2012-05-26,,True,星期六、星期日,
2012-05-27,,True,星期六、星期日,
2012-06-02,,True,星期六、星期日,
2012-06-03,,True,星期六、星期日,
2012-06-09,,True,星期六、星期日,
2012-06-10,,True,星期六、星期日,
2012-06-16,,True,星期六、星期日,
2012-06-17,,True,星期六、星期日,
2012-06-23,端午節,True,放假之紀念日及節日,
2012-06-23,,True,星期六、星期日,
2012-06-30,,True,星期六、星期日,
2012-07-01,,True,星期六、星期日,
2012-07-07,,True,星期六、星期日,
2012-07-08,,True,星期六、星期日,
2012-07-14,,True,星期六、星期日,
2012-07-15,,True,星期六、星期日,
2012-07-21,,True,星期六、星期日,
2012-07-22,,True,星期六、星期日,
2012-07-28,,True,星期六、星期日,
2012-07-29,,True,星期六、星期日,
2012-08-04,,True,星期六、星期日,
2012-08-05,,True,星期六、星期日,
2012-08-11,,True,星期六、星期日,
2012-08-12,,True,星期六、星期日,
2012-08-18,,True,星期六、星期日,
2012-08-19,,True,星期六、星期日,
2012-08-25,,True,星期六、星期日,
2012-08-26,,True,星期六、星期日,
2012-09-01,,True,星期六、星期日,
2012-09-02,,True,星期六、星期日,
2012-09-08,,True,星期六、星期日,
2012-09-09,,True,星期六、星期日,
2012-09-15,,True,星期六、星期日,
2012-09-16,,True,星期六、星期日,
2012-09-22,,True,星期六、星期日,
2012-09-23,,True,星期六、星期日,
2012-09-29,,True,星期六、星期日,
2012-09-30,中秋節,True,放假之紀念日及節日,
2012-10-06,,True,星期六、星期日,
2012-10-07,,True,星期六、星期日,
2012-10-10,國慶日,True,放假之紀念日及節日,
2012-10-13,,True,星期六、星期日,
2012-10-14,,True,星期六、星期日,
2012-10-20,,True,星期六、星期日,
2012-10-21,,True,星期六、星期日,
2012-10-27,,True,星期六、星期日,
2012-10-28,,True,星期六、星期日,
2012-11-03,,True,星期六、星期日,
2012-11-04,,True,星期六、星期日,
2012-11-10,,True,星期六、星期日,
2012-11-11,,True,星期六、星期日,
2012-11-17,,True,星期六、星期日,
2012-11-18,,True,星期六、星期日,
2012-11-24,,True,星期六、星期日,
2012-11-25,,True,星期六、星期日,
2012-12-01,,True,星期六、星期日,
2012-12-02,,True,星期六、星期日,
2012-12-08,,True,星期六、星期日,
2012-12-09,,True,星期六、星期日,
2012-12-15,,True,星期六、星期日,
2012-12-16,,True,星期六、星期日,
2012-12-22,,False,補行上班日,
2012-12-23,,True,星期六、星期日,
2012-12-29,,True,星期六、星期日,
2012-12-30,,True,星期六、星期日,
2012-12-31,,True,補假,
2013-01-01,中華民國開國紀念日,True,放假之紀念日及節日,全國各機關學校放假一日。
2013-01-05,,True,星期六、星期日,
2013-01-06,,True,星期六、星期日,
2013-01-12,,True,星期六、星期日,
2013-01-13,,True,星期六、星期日,
2013-01-19,,True,星期六、星期日,
2013-01-20,,True,星期六、星期日,
2013-01-26,,True,星期六、星期日,
2013-01-27,,True,星期六、星期日,
2013-02-02,,True,星期六、星期日,
2013-02-03,,True,星期六、星期日,
2013-02-09,農曆除夕,True,放假之紀念日及節日,全國各機關學校放假一日，適逢星期六，於二月十三日補假一日。
2013-02-10,春節,True,放假之紀念日及節日,全國各機關學校於二月十日至二月十二日放假三日，二月十日適逢星期日，於二月十四日補假一日。
2013-02-11,春節,True,放假之紀念日及節日,全國各機關學校於二月十日至二月十二日放假三日，二月十日適逢星期日，於二月十四日補假一日。
2013-02-12,春節,True,放假之紀念日及節日,全國各機關學校於二月十日至二月十二日放假三日，二月十日適逢星期日，於二月十四日補假一日。
2013-02-13,,True,補假,
2013-02-14,,True,補假,
2013-02-15,,True,調整放假日,二月十五日全國各機關學校調整假，於二月二十三日補行上班一日。
2013-02-16,,True,星期六、星期日,
2013-02-17,,True,星期六、星期日,
2013-02-23,,False,補行上班日,
2013-02-24,,True,星期日,
2013-02-28,和平紀念日,True,放假之紀念日及節日,全國各機關學校放假一日。
2013-03-02,,True,星期六、星期日,
2013-03-03,,True,星期六、星期日,
2013-03-08,婦女節,False,紀念日及節日,本日照常上班。
2013-03-09,,True,星期六、星期日,
2013-03-10,,True,星期六、星期日,
2013-03-16,,True,星期六、星期日,
2013-03-17,,True,星期六、星期日,
2013-03-23,,True,星期六、星期日,
2013-03-24,,True,星期六、星期日,
2013-03-29,青年節,False,紀念日及節日,本日照常上班。
2013-03-30,,True,星期六、星期日,
2013-03-31,,True,星期六、星期日,
2013-04-04,清明節、兒童節,True,放假之紀念日及節日,全國各機關學校放假一日，適逢民族掃墓節，調整至四月五日放假。
2013-04-05,,True,調整放假日,
2013-04-06,,True,星期六、星期日,
2013-04-07,,True,星期六、星期日,
2013-04-13,,True,星期六、星期日,
2013-04-14,,True,星期六、星期日,
2013-04-20,,True,星期六、星期日,
2013-04-21,,True,星期六、星期日,
2013-04-27,,True,星期六、星期日,
2013-04-28,,True,星期六、星期日,
2013-05-04,,True,星期六、星期日,
2013-05-05,,True,星期六、星期日,
2013-05-11,,True,星期六、星期日,
2013-05-12,,True,星期六、星期日,
2013-05-18,,True,星期六、星期日,
2013-05-19,,True,星期六、星期日,
2013-05-25,,True,星期六、星期日,
2013-05-26,,True,星期六、星期日,
2013-06-01,,True,星期六、星期日,
2013-06-02,,True,星期六、星期日,
2013-06-08,,True,星期六、星期日,
2013-06-09,,True,星期六、星期日,
2013-06-12,端午節,True,放假之紀念日及節日,全國各機關學校放假一日。
2013-06-15,,True,星期六、星期日,
2013-06-16,,True,星期六、星期日,
2013-06-22,,True,星期六、星期日,
2013-06-23,,True,星期六、星期日,
2013-06-29,,True,星期六、星期日,
2013-06-30,,True,星期六、星期日,
2013-07-06,,True,星期六、星期日,
2013-07-07,,True,星期六、星期日,
2013-07-13,,True,星期六、星期日,
2013-07-14,,True,星期六、星期日,
2013-07-20,,True,星期六、星期日,
2013-07-21,,True,星期六、星期日,
2013-07-27,,True,星期六、星期日,
2013-07-28,,True,星期六、星期日,
2013-08-03,,True,星期六、星期日,
2013-08-04,,True,星期六、星期日,
2013-08-10,,True,星期六、星期日,
2013-08-11,,True,星期六、星期日,
2013-08-17,,True,星期六、星期日,
2013-08-18,,True,星期六、星期日,
2013-08-24,,True,星期六、星期日,
2013-08-25,,True,星期六、星期日,
2013-08-31,,True,星期六、星期日,
2013-09-01,,True,星期六、星期日,
2013-09-07,,True,星期六、星期日,
2013-09-08,,True,星期六、星期日,
2013-09-14,,False,補行上班日,
2013-09-15,,True,星期日,
2013-09-19,中秋節,True,放假之紀念日及節日,全國各機關學校放假一日。
2013-09-20,,True,調整放假日,九月二十日全國各機關學校調整放假，於九月十四日補行上班一日
2013-09-21,,True,星期六、星期日,
2013-09-22,,True,星期六、星期日,
2013-09-28,教師節,True,紀念日及節日,適逢星期六放假一日
2013-09-29,,True,星期六、星期日,
2013-10-05,,True,星期六、星期日,
2013-10-06,,True,星期六、星期日,
2013-10-10,國慶日,True,放假之紀念日及節日,全國各機關學校放假一日。
2013-10-12,,True,星期六、星期日,
2013-10-13,,True,星期六、星期日,
2013-10-19,,True,星期六、星期日,
2013-10-20,,True,星期六、星期日,
2013-10-25,臺灣光復節,False,紀念日及節日,本日照常上班。
2013-10-26,,True,星期六、星期日,
2013-10-27,,True,星期六、星期日,
2013-11-02,,True,星期六、星期日,
2013-11-03,,True,星期六、星期日,
2013-11-09,,True,星期六、星期日,
2013-11-10,,True,星期六、星期日,
2013-11-12,國父誕辰紀念日(中華文化復興節),False,紀念日及節日,本日照常上班。
2013-11-16,,True,星期六、星期日,
2013-11-17,,True,星期六、星期日,
2013-11-23,,True,星期六、星期日,
2013-11-24,,True,星期六、星期日,
2013-11-30,,True,星期六、星期日,
2013-12-01,,True,星期六、星期日,
2013-12-07,,True,星期六、星期日,
2013-12-08,,True,星期六、星期日,
2013-12-14,,True,星期六、星期日,
2013-12-15,,True,星期六、星期日,
2013-12-21,,True,星期六、星期日,
2013-12-22,,True,星期六、星期日,
2013-12-25,行憲紀念日,False,紀念日及節日,本日照常上班。
2013-12-28,,True,星期六、星期日,
2013-12-29,,True,星期六、星期日,
2014-01-01,中華民國開國紀念日,True,放假之紀念日及節日,全國各機關學校放假一日。
2014-01-04,,True,星期六、星期日,
2014-01-05,,True,星期六、星期日,
2014-01-11,,True,星期六、星期日,
2014-01-12,,True,星期六、星期日,
2014-01-18,,True,星期六、星期日,
2014-01-19,,True,星期六、星期日,
2014-01-25,,True,星期六、星期日,
2014-01-26,,True,星期六、星期日,
2014-01-30,農曆除夕,True,放假之紀念日及節日,全國各機關學校放假一日。
2014-01-31,春節,True,放假之紀念日及節日,全國各機關學校於一月三十一日至二月二日放假三日，二月一日及二月二日適逢星期六、星期日，分別於二月三日及二月四日補假一日。
2014-02-01,春節,True,放假之紀念日及節日,全國各機關學校於一月三十一日至二月二日放假三日，二月一日及二月二日適逢星期六、星期日，分別於二月三日及二月四日補假一日。
2014-02-02,春節,True,放假之紀念日及節日,全國各機關學校於一月三十一日至二月二日放假三日，二月一日及二月二日適逢星期六、星期日，分別於二月三日及二月四日補假一日。
2014-02-03,,True,補假,
2014-02-04,,True,補假,
2014-02-08,,True,星期六、星期日,
2014-02-09,,True,星期六、星期日,
2014-02-15,,True,星期六、星期日,
2014-02-16,,True,星期六、星期日,
2014-02-22,,True,星期六、星期日,
2014-02-23,,True,星期六、星期日,
2014-02-28,和平紀念日,True,放假之紀念日及節日,全國各機關學校放假一日。
2014-03-01,,True,星期六、星期日,
2014-03-02,,True,星期六、星期日,
2014-03-08,婦女節,True,紀念日及節日,適逢星期六放假一日。
2014-03-09,,True,星期六、星期日,
2014-03-15,,True,星期六、星期日,
2014-03-16,,True,星期六、星期日,
2014-03-22,,True,星期六、星期日,
2014-03-23,,True,星期六、星期日,
2014-03-29,青年節,True,紀念日及節日,適逢星期六放假一日。
2014-03-30,,True,星期六、星期日,
2014-04-04,兒童節,True,放假之紀念日及節日,全國各機關學校放假一日。
2014-04-05,民族掃墓節,True,放假之紀念日及節日,全國各機關學校放假一日。
2014-04-06,,True,星期六、星期日,
2014-04-12,,True,星期六、星期日,
2014-04-13,,True,星期六、星期日,
2014-04-19,,True,星期六、星期日,
2014-04-20,,True,星期六、星期日,
2014-04-26,,True,星期六、星期日,
2014-04-27,,True,星期六、星期日,
2014-05-03,,True,星期六、星期日,
2014-05-04,,True,星期六、星期日,
2014-05-10,,True,星期六、星期日,
2014-05-11,,True,星期六、星期日,
2014-05-17,,True,星期六、星期日,
2014-05-18,,True,星期六、星期日,
2014-05-24,,True,星期六、星期日,
2014-05-25,,True,星期六、星期日,
2014-05-31,,True,星期六、星期日,
2014-06-01,,True,星期六、星期日,
2014-06-02,端午節,True,放假之紀念日及節日,全國各機關學校放假一日。
2014-06-07,,True,星期六、星期日,
2014-06-08,,True,星期六、星期日,
2014-06-14,,True,星期六、星期日,
2014-06-15,,True,星期六、星期日,
2014-06-21,,True,星期六、星期日,
2014-06-22,,True,星期六、星期日,
2014-06-28,,True,星期六、星期日,
2014-06-29,,True,星期六、星期日,
2014-07-05,,True,星期六、星期日,
2014-07-06,,True,星期六、星期日,
2014-07-12,,True,星期六、星期日,
2014-07-13,,True,星期六、星期日,
2014-07-19,,True,星期六、星期日,
2014-07-20,,True,星期六、星期日,
2014-07-26,,True,星期六、星期日,
2014-07-27,,True,星期六、星期日,
2014-08-02,,True,星期六、星期日,
2014-08-03,,True,星期六、星期日,
2014-08-09,,True,星期六、星期日,
2014-08-10,,True,星期六、星期日,
2014-08-16,,True,星期六、星期日,
2014-08-17,,True,星期六、星期日,
2014-08-23,,True,星期六、星期日,
2014-08-24,,True,星期六、星期日,
2014-08-30,,True,星期六、星期日,
2014-08-31,,True,星期六、星期日,
2014-09-06,,True,星期六、星期日,
2014-09-07,,True,星期六、星期日,
2014-09-08,中秋節,True,放假之紀念日及節日,全國各機關學校放假一日。
2014-09-13,,True,星期六、星期日,
2014-09-14,,True,星期六、星期日,
2014-09-20,,True,星期六、星期日,
2014-09-21,,True,星期六、星期日,
2014-09-27,,True,星期六、星期日,
2014-09-28,教師節,True,紀念日及節日,適逢星期日放假一日
2014-10-04,,True,星期六、星期日,
2014-10-05,,True,星期六、星期日,
2014-10-10,國慶日,True,放假之紀念日及節日,全國各機關學校放假一日。
2014-10-11,,True,星期六、星期日,
2014-10-12,,True,星期六、星期日,
2014-10-18,,True,星期六、星期日,
2014-10-19,,True,星期六、星期日,
2014-10-25,臺灣光復節,True,紀念日及節日,適逢星期六放假一日
2014-10-26,,True,星期六、星期日,
2014-11-01,,True,星期六、星期日,
2014-11-02,,True,星期六、星期日,
2014-11-08,,True,星期六、星期日,
2014-11-09,,True,星期六、星期日,
2014-11-12,國父誕辰紀念日(中華文化復興節),False,紀念日及節日,本日照常上班。
2014-11-15,,True,星期六、星期日,
2014-11-16,,True,星期六、星期日,
2014-11-22,,True,星期六、星期日,
2014-11-23,,True,星期六、星期日,
2014-11-29,,True,星期六、星期日,
2014-11-30,,True,星期六、星期日,
2014-12-06,,True,星期六、星期日,
2014-12-07,,True,星期六、星期日,
2014-12-13,,True,星期六、星期日,
2014-12-14,,True,星期六、星期日,
2014-12-20,,True,星期六、星期日,
2014-12-21,,True,星期六、星期日,
2014-12-25,行憲紀念日,False,紀念日及節日,本日照常上班。
2014-12-27,,False,補行上班日,
2014-12-28,,True,星期六、星期日,
2015-01-01,中華民國開國紀念日,True,放假之紀念日及節日,全國各機關學校放假一日。
2015-01-02,,True,調整放假日,
2015-01-03,,True,星期六、星期日,
2015-01-04,,True,星期六、星期日,
2015-01-10,,True,星期六、星期日,
2015-01-11,,True,星期六、星期日,
2015-01-17,,True,星期六、星期日,
2015-01-18,,True,星期六、星期日,
2015-01-24,,True,星期六、星期日,
2015-01-25,,True,星期六、星期日,
2015-01-31,,True,星期六、星期日,
2015-02-01,,True,星期六、星期日,
2015-02-07,,True,星期六、星期日,
2015-02-08,,True,星期六、星期日,
2015-02-14,,True,星期六、星期日,
2015-02-15,,True,星期六、星期日,
2015-02-18,農曆除夕,True,放假之紀念日及節日,全國各機關學校放假一日。
2015-02-19,春節,True,放假之紀念日及節日,全國各機關學校於二月十九日至二月二十一日放假三日，二月二十一日適逢星期六，於二月二十三日補假一日。
2015-02-20,春節,True,放假之紀念日及節日,全國各機關學校於二月十九日至二月二十一日放假三日，二月二十一日適逢星期六，於二月二十三日補假一日。
2015-02-21,春節,True,放假之紀念日及節日,全國各機關學校於二月十九日至二月二十一日放假三日，二月二十一日適逢星期六，於二月二十三日補假一日。
2015-02-22,,True,星期六、星期日,
2015-02-23,,True,補假,
2015-02-27,,True,補假,
2015-02-28,和平紀念日,True,放假之紀念日及節日,全國各機關學校放假一日，適逢星期六，於二月二十七日補假一日。
2015-03-01,,True,星期六、星期日,
2015-03-07,,True,星期六、星期日,
2015-03-08,,True,星期六、星期日,
2015-03-14,,True,星期六、星期日,
2015-03-15,,True,星期六、星期日,
2015-03-21,,True,星期六、星期日,
2015-03-22,,True,星期六、星期日,
2015-03-28,,True,星期六、星期日,
2015-03-29,,True,星期六、星期日,
2015-04-03,,True,補假,
2015-04-04,兒童節,True,放假之紀念日及節日,全國各機關學校放假一日，適逢星期六，於四月三日補假一日。
2015-04-05,民族掃墓節（清明節）,True,放假之紀念日及節日,全國各機關學校放假一日，適逢星期日，於四月六日補假一日。
2015-04-06,,True,補假,
2015-04-11,,True,星期六、星期日,
2015-04-12,,True,星期六、星期日,
2015-04-18,,True,星期六、星期日,
2015-04-19,,True,星期六、星期日,
2015-04-25,,True,星期六、星期日,
2015-04-26,,True,星期六、星期日,
2015-05-02,,True,星期六、星期日,
2015-05-03,,True,星期六、星期日,
2015-05-09,,True,星期六、星期日,
2015-05-10,,True,星期六、星期日,
2015-05-16,,True,星期六、星期日,
2015-05-17,,True,星期六、星期日,
2015-05-23,,True,星期六、星期日,
2015-05-24,,True,星期六、星期日,
2015-05-30,,True,星期六、星期日,
2015-05-31,,True,星期六、星期日,
2015-06-06,,True,星期六、星期日,
2015-06-07,,True,星期六、星期日,
2015-06-13,,True,星期六、星期日,
2015-06-14,,True,星期六、星期日,
2015-06-19,,True,補假,
2015-06-20,端午節,True,放假之紀念日及節日,全國各機關學校放假一日，適逢星期六，於六月十九日補假一日。
2015-06-21,,True,星期六、星期日,
2015-06-27,,True,星期六、星期日,
2015-06-28,,True,星期六、星期日,
2015-07-04,,True,星期六、星期日,
2015-07-05,,True,星期六、星期日,
2015-07-11,,True,星期六、星期日,
2015-07-12,,True,星期六、星期日,
2015-07-18,,True,星期六、星期日,
2015-07-19,,True,星期六、星期日,
2015-07-25,,True,星期六、星期日,
2015-07-26,,True,星期六、星期日,
2015-08-01,,True,星期六、星期日,
2015-08-02,,True,星期六、星期日,
2015-08-08,,True,星期六、星期日,
2015-08-09,,True,星期六、星期日,
2015-08-15,,True,星期六、星期日,
2015-08-16,,True,星期六、星期日,
2015-08-22,,True,星期六、星期日,
2015-08-23,,True,星期六、星期日,
2015-08-29,,True,星期六、星期日,
2015-08-30,,True,星期六、星期日,
2015-09-05,,True,星期六、星期日,
2015-09-06,,True,星期六、星期日,
2015-09-12,,True,星期六、星期日,
2015-09-13,,True,星期六、星期日,
2015-09-19,,True,星期六、星期日,
2015-09-20,,True,星期六、星期日,
2015-09-26,,True,星期六、星期日,
2015-09-27,中秋節,True,放假之紀念日及節日,全國各機關學校放假一日，適逢星期日，於九月二十八日補假一日。
2015-09-28,,True,補假,
2015-10-03,,True,星期六、星期日,
2015-10-04,,True,星期六、星期日,
2015-10-09,,True,補假,
2015-10-10,國慶日,True,放假之紀念日及節日,全國各機關學校放假一日，適逢星期六，於十月九日補假一日。
2015-10-11,,True,星期六、星期日,
2015-10-17,,True,星期六、星期日,
2015-10-18,,True,星期六、星期日,
2015-10-24,,True,星期六、星期日,
2015-10-25,,True,星期六、星期日,
2015-10-31,,True,星期六、星期日,
2015-11-01,,True,星期六、星期日,
2015-11-07,,True,星期六、星期日,
2015-11-08,,True,星期六、星期日,
2015-10-14,,True,星期六、星期日,
2015-10-15,,True,星期六、星期日,
2015-11-21,,True,星期六、星期日,
2015-11-22,,True,星期六、星期日,
2015-11-28,,True,星期六、星期日,
2015-11-29,,True,星期六、星期日,
2015-12-05,,True,星期六、星期日,
2015-12-06,,True,星期六、星期日,
2015-12-12,,True,星期六、星期日,
2015-12-13,,True,星期六、星期日,
2015-12-19,,True,星期六、星期日,
2015-12-20,,True,星期六、星期日,
2015-12-26,,True,星期六、星期日,
2015-12-27,,True,星期六、星期日,
2016-01-01,中華民國開國紀念日,True,放假之紀念日及節日,全國各機關學校放假一日。
2016-01-02,,True,星期六、星期日,
2016-01-03,,True,星期六、星期日,
2016-01-09,,True,星期六、星期日,
2016-01-10,,True,星期六、星期日,
2016-01-16,,True,星期六、星期日,
2016-01-17,,True,星期六、星期日,
2016-01-23,,True,星期六、星期日,
2016-01-24,,True,星期六、星期日,
2016-01-30,,False,補行上班日,
2016-01-31,,True,星期六、星期日,
2016-02-06,,True,星期六、星期日,
2016-02-07,農曆除夕,True,放假之紀念日及節日,全國各機關學校放假一日，適逢星期日，於二月十一日補假一日，調整二月十二日為放假日，並於一月三十日補行上班。
2016-02-08,春節,True,放假之紀念日及節日,全國各機關學校於二月八日至二月十日放假三日。
2016-02-09,春節,True,放假之紀念日及節日,全國各機關學校於二月八日至二月十日放假三日。
2016-02-10,春節,True,放假之紀念日及節日,全國各機關學校於二月八日至二月十日放假三日。
2016-02-11,,True,補假,
2016-02-12,,True,調整放假日,
2016-02-13,,True,星期六、星期日,
2016-02-14,,True,星期六、星期日,
2016-02-20,,True,星期六、星期日,
2016-02-21,,True,星期六、星期日,
2016-02-27,,True,星期六、星期日,
2016-02-28,和平紀念日,True,放假之紀念日及節日,全國各機關學校放假一日，適逢星期日，於二月二十九日補假一日。
2016-02-29,,True,補假,
2016-03-05,,True,星期六、星期日,
2016-03-06,,True,星期六、星期日,
2016-03-12,,True,星期六、星期日,
2016-03-13,,True,星期六、星期日,
2016-03-19,,True,星期六、星期日,
2016-03-20,,True,星期六、星期日,
2016-03-26,,True,星期六、星期日,
2016-03-27,,True,星期六、星期日,
2016-04-02,,True,星期六、星期日,
2016-04-03,,True,放假之紀念日及節日,
2016-04-04,兒童節、民族掃墓節（清明節）,True,放假之紀念日及節日,全國各機關學校放假一日(兒童節與民族掃墓節同一日時，於前一日放假，並於四月五日補假一日)。
2016-04-05,,True,補假,
2016-04-09,,True,星期六、星期日,
2016-04-10,,True,星期六、星期日,
2016-04-16,,True,星期六、星期日,
2016-04-17,,True,星期六、星期日,
2016-04-23,,True,星期六、星期日,
2016-04-24,,True,星期六、星期日,
2016-04-30,,True,星期六、星期日,
2016-05-01,勞動節,True,特定節日,勞工放假一日。
2016-05-07,,True,星期六、星期日,
2016-05-08,,True,星期六、星期日,
2016-05-14,,True,星期六、星期日,
2016-05-15,,True,星期六、星期日,
2016-05-21,,True,星期六、星期日,
2016-05-22,,True,星期六、星期日,
2016-05-28,,True,星期六、星期日,
2016-05-29,,True,星期六、星期日,
2016-06-04,,False,補行上班日,
2016-06-05,,True,星期六、星期日,
2016-06-09,端午節,True,放假之紀念日及節日,全國各機關學校放假一日，適逢星期四，調整六月十日為放假日，並於六月四日補行上班一日。
2016-06-10,,True,調整放假日,
2016-06-11,,True,星期六、星期日,
2016-06-12,,True,星期六、星期日,
2016-06-18,,True,星期六、星期日,
2016-06-19,,True,星期六、星期日,
2016-06-25,,True,星期六、星期日,
2016-06-26,,True,星期六、星期日,
2016-07-02,,True,星期六、星期日,
2016-07-03,,True,星期六、星期日,
2016-07-09,,True,星期六、星期日,
2016-07-10,,True,星期六、星期日,
2016-07-16,,True,星期六、星期日,
2016-07-17,,True,星期六、星期日,
2016-07-23,,True,星期六、星期日,
2016-07-24,,True,星期六、星期日,
2016-07-30,,True,星期六、星期日,
2016-07-31,,True,星期六、星期日,
2016-08-06,,True,星期六、星期日,
2016-08-07,,True,星期六、星期日,
2016-08-13,,True,星期六、星期日,
2016-08-14,,True,星期六、星期日,
2016-08-20,,True,星期六、星期日,
2016-08-21,,True,星期六、星期日,
2016-08-27,,True,星期六、星期日,
2016-08-28,,True,星期六、星期日,
2016-09-03,軍人節,True,特定節日,軍人依國防部規定辦理。
2016-09-04,,True,星期六、星期日,
2016-09-10,,False,補行上班日,
2016-09-11,,True,星期六、星期日,
2016-09-15,中秋節,True,放假之紀念日及節日,全國各機關學校放假一日，適逢星期四，調整九月十六日為放假日，並於九月十日補行上班一日。
2016-09-16,,True,調整放假日,
2016-09-17,,True,星期六、星期日,
2016-09-18,,True,星期六、星期日,
2016-09-24,,True,星期六、星期日,
2016-09-25,,True,星期六、星期日,
2016-10-01,,True,星期六、星期日,
2016-10-02,,True,星期六、星期日,
2016-10-08,,True,星期六、星期日,
2016-10-09,,True,星期六、星期日,
2016-10-10,國慶日,True,放假之紀念日及節日,全國各機關學校放假一日。
2016-10-15,,True,星期六、星期日,
2016-10-16,,True,星期六、星期日,
2016-10-22,,True,星期六、星期日,
2016-10-23,,True,星期六、星期日,
2016-10-29,,True,星期六、星期日,
2016-10-30,,True,星期六、星期日,
2016-11-05,,True,星期六、星期日,
2016-11-06,,True,星期六、星期日,
2016-11-12,,True,星期六、星期日,
2016-11-13,,True,星期六、星期日,
2016-11-19,,True,星期六、星期日,
2016-11-20,,True,星期六、星期日,
2016-11-26,,True,星期六、星期日,
2016-11-27,,True,星期六、星期日,
2016-12-03,,True,星期六、星期日,
2016-12-04,,True,星期六、星期日,
2016-12-10,,True,星期六、星期日,
2016-12-11,,True,星期六、星期日,
2016-12-17,,True,星期六、星期日,
2016-12-18,,True,星期六、星期日,
2016-12-24,,True,星期六、星期日,
2016-12-25,,True,星期六、星期日,
2016-12-31,,True,星期六、星期日,
2017-01-01,中華民國開國紀念日,True,放假之紀念日及節日,全國各機關學校放假一日，適逢星期日，於一月二日補假一日。
2017-01-02,,True,補假,
2017-01-07,,True,星期六、星期日,
2017-01-08,,True,星期六、星期日,
2017-01-14,,True,星期六、星期日,
2017-01-15,,True,星期六、星期日,
2017-01-21,,True,星期六、星期日,
2017-01-22,,True,星期六、星期日,
2017-01-27,農曆除夕,True,放假之紀念日及節日,全國各機關學校放假一日。
2017-01-28,春節,True,放假之紀念日及節日,全國各機關學校於一月二十八日至一月三十日放假三日，其中春節初一、初二適逢星期六、日，分別於一月三十一日及二月一日補假一日。
2017-01-29,春節,True,放假之紀念日及節日,全國各機關學校於一月二十八日至一月三十日放假三日，其中春節初一、初二適逢星期六、日，分別於一月三十一日及二月一日補假一日。
2017-01-30,春節,True,放假之紀念日及節日,全國各機關學校於一月二十八日至一月三十日放假三日，其中春節初一、初二適逢星期六、日，分別於一月三十一日及二月一日補假一日。
2017-01-31,,True,補假,
2017-02-01,,True,補假,
2017-02-04,,True,星期六、星期日,
2017-02-05,,True,星期六、星期日,
2017-02-11,,True,星期六、星期日,
2017-02-12,,True,星期六、星期日,
2017-02-18,,False,補行上班日,
2017-02-19,,True,星期六、星期日,
2017-02-25,,True,星期六、星期日,
2017-02-26,,True,星期六、星期日,
2017-02-27,,True,調整放假日,
2017-02-28,和平紀念日,True,放假之紀念日及節日,全國各機關學校放假一日，適逢星期二，調整二月二十七日為放假日，並於二月十八日補行上班一日。
2017-03-04,,True,星期六、星期日,
2017-03-05,,True,星期六、星期日,
2017-03-11,,True,星期六、星期日,
2017-03-12,,True,星期六、星期日,
2017-03-18,,True,星期六、星期日,
2017-03-19,,True,星期六、星期日,
2017-03-25,,True,星期六、星期日,
2017-03-26,,True,星期六、星期日,
2017-04-01,,True,星期六、星期日,
2017-04-02,,True,星期六、星期日,
2017-04-03,,True,放假之紀念日及節日,全國各機關學校放假一日。
2017-04-04,兒童節、民族掃墓節（清明節）,True,放假之紀念日及節日,全國各機關學校放假一日(兒童節與民族掃墓節同一日時，於前一日即四月三日放假)。
2017-04-08,,True,星期六、星期日,
2017-04-09,,True,星期六、星期日,
2017-04-15,,True,星期六、星期日,
2017-04-16,,True,星期六、星期日,
2017-04-22,,True,星期六、星期日,
2017-04-23,,True,星期六、星期日,
2017-04-29,,True,星期六、星期日,
2017-04-30,,True,星期六、星期日,
2017-05-06,,True,星期六、星期日,
2017-05-07,,True,星期六、星期日,
2017-05-13,,True,星期六、星期日,
2017-05-14,,True,星期六、星期日,
2017-05-20,,True,星期六、星期日,
2017-05-21,,True,星期六、星期日,
2017-05-27,,True,星期六、星期日,
2017-05-28,,True,星期六、星期日,
2017-05-29,,True,調整放假日,
2017-05-30,端午節,True,放假之紀念日及節日,全國各機關學校放假一日，適逢星期二，調整五月二十九日為放假日，並於六月三日補行上班一日。
2017-06-03,,False,補行上班日,
2017-06-04,,True,星期六、星期日,
2017-06-10,,True,星期六、星期日,
2017-06-11,,True,星期六、星期日,
2017-06-17,,True,星期六、星期日,
2017-06-18,,True,星期六、星期日,
2017-06-24,,True,星期六、星期日,
2017-06-25,,True,星期六、星期日,
2017-07-01,,True,星期六、星期日,
2017-07-02,,True,星期六、星期日,
2017-07-08,,True,星期六、星期日,
2017-07-09,,True,星期六、星期日,
2017-07-15,,True,星期六、星期日,
2017-07-16,,True,星期六、星期日,
2017-07-22,,True,星期六、星期日,
2017-07-23,,True,星期六、星期日,
2017-07-29,,True,星期六、星期日,
2017-07-30,,True,星期六、星期日,
2017-08-05,,True,星期六、星期日,
2017-08-06,,True,星期六、星期日,
2017-08-12,,True,星期六、星期日,
2017-08-13,,True,星期六、星期日,
2017-08-19,,True,星期六、星期日,
2017-08-20,,True,星期六、星期日,
2017-08-26,,True,星期六、星期日,
2017-08-27,,True,星期六、星期日,
2017-09-02,,True,星期六、星期日,
2017-09-03,軍人節,True,特定節日,軍人依國防部規定辦理。
2017-09-09,,True,星期六、星期日,
2017-09-10,,True,星期六、星期日,
2017-09-16,,True,星期六、星期日,
2017-09-17,,True,星期六、星期日,
2017-09-23,,True,星期六、星期日,
2017-09-24,,True,星期六、星期日,
2017-09-30,,False,補行上班日,
2017-10-01,,True,星期六、星期日,
2017-10-04,中秋節,True,放假之紀念日及節日,全國各機關學校放假一日。
2017-10-07,,True,星期六、星期日,
2017-10-08,,True,星期六、星期日,
2017-10-09,,True,調整放假日,
2017-10-10,國慶日,True,放假之紀念日及節日,全國各機關學校放假一日，適逢星期二，調整十月九日為放假日，並於九月三十日補行上班一日。
2017-10-14,,True,星期六、星期日,
2017-10-15,,True,星期六、星期日,
2017-10-21,,True,星期六、星期日,
2017-10-22,,True,星期六、星期日,
2017-10-28,,True,星期六、星期日,
2017-10-29,,True,星期六、星期日,
2017-11-04,,True,星期六、星期日,
2017-11-05,,True,星期六、星期日,
2017-11-11,,True,星期六、星期日,
2017-11-12,,True,星期六、星期日,
2017-11-18,,True,星期六、星期日,
2017-11-19,,True,星期六、星期日,
2017-11-25,,True,星期六、星期日,
2017-11-26,,True,星期六、星期日,
2017-12-02,,True,星期六、星期日,
2017-12-03,,True,星期六、星期日,
2017-12-09,,True,星期六、星期日,
2017-12-10,,True,星期六、星期日,
2017-12-16,,True,星期六、星期日,
2017-12-17,,True,星期六、星期日,
2017-12-23,,True,星期六、星期日,
2017-12-24,,True,星期六、星期日,
2017-12-30,,True,星期六、星期日,
2017-12-31,,True,星期六、星期日,
2018-01-01,中華民國開國紀念日,True,放假之紀念日及節日,全國各機關學校放假一日
2018-01-06,,True,星期六、星期日,
2018-01-07,,True,星期六、星期日,
2018-01-13,,True,星期六、星期日,
2018-01-14,,True,星期六、星期日,
2018-01-20,,True,星期六、星期日,
2018-01-21,,True,星期六、星期日,
2018-01-27,,True,星期六、星期日,
2018-01-28,,True,星期六、星期日,
2018-02-03,,True,星期六、星期日,
2018-02-04,,True,星期六、星期日,
2018-02-10,,True,星期六、星期日,
2018-02-11,,True,星期六、星期日,
2018-02-15,農曆除夕,True,放假之紀念日及節日,全國各機關學校放假一日。
2018-02-16,春節,True,放假之紀念日及節日,全國各機關學校於二月十六日至二月十八日放假三日，其中春節初二、初三適逢星期六、日，分別於二月十九日及二月二十日各補假一日。
2018-02-17,春節,True,放假之紀念日及節日,全國各機關學校於二月十六日至二月十八日放假三日，其中春節初二、初三適逢星期六、日，分別於二月十九日及二月二十日各補假一日。
2018-02-18,春節,True,放假之紀念日及節日,全國各機關學校於二月十六日至二月十八日放假三日，其中春節初二、初三適逢星期六、日，分別於二月十九日及二月二十日各補假一日。
2018-02-19,,True,補假,
2018-02-20,,True,補假,
2018-02-24,,True,星期六、星期日,
2018-02-25,,True,星期六、星期日,
2018-02-28,和平紀念日,True,放假之紀念日及節日,全國各機關學校放假一日。
2018-03-03,,True,星期六、星期日,
2018-03-04,,True,星期六、星期日,
2018-03-10,,True,星期六、星期日,
2018-03-11,,True,星期六、星期日,
2018-03-17,,True,星期六、星期日,
2018-03-18,,True,星期六、星期日,
2018-03-24,,True,星期六、星期日,
2018-03-25,,True,星期六、星期日,
2018-03-31,,False,補行上班日,
2018-04-01,,True,星期六、星期日,
2018-04-04,兒童節,True,放假之紀念日及節日,全國各機關學校放假一日。
2018-04-05,民族掃墓節（清明節）,True,放假之紀念日及節日,全國各機關學校放假一日，適逢星期四，調整四月六日為放假日，並於三月三十一日補行上班一日。
2018-04-06,,True,調整放假日,
2018-04-07,,True,星期六、星期日,
2018-04-08,,True,星期六、星期日,
2018-04-14,,True,星期六、星期日,
2018-04-15,,True,星期六、星期日,
2018-04-21,,True,星期六、星期日,
2018-04-22,,True,星期六、星期日,
2018-04-28,,True,星期六、星期日,
2018-04-29,,True,星期六、星期日,
2018-05-05,,True,星期六、星期日,
2018-05-06,,True,星期六、星期日,
2018-05-12,,True,星期六、星期日,
2018-05-13,,True,星期六、星期日,
2018-05-19,,True,星期六、星期日,
2018-05-20,,True,星期六、星期日,
2018-05-26,,True,星期六、星期日,
2018-05-27,,True,星期六、星期日,
2018-06-02,,True,星期六、星期日,
2018-06-03,,True,星期六、星期日,
2018-06-09,,True,星期六、星期日,
2018-06-10,,True,星期六、星期日,
2018-06-16,,True,星期六、星期日,
2018-06-17,,True,星期六、星期日,
2018-06-18,端午節,True,放假之紀念日及節日,全國各機關學校放假一日。
2018-06-23,,True,星期六、星期日,
2018-06-24,,True,星期六、星期日,
2018-06-30,,True,星期六、星期日,
2018-07-01,,True,星期六、星期日,
2018-07-07,,True,星期六、星期日,
2018-07-08,,True,星期六、星期日,
2018-07-14,,True,星期六、星期日,
2018-07-15,,True,星期六、星期日,
2018-07-21,,True,星期六、星期日,
2018-07-22,,True,星期六、星期日,
2018-07-28,,True,星期六、星期日,
2018-07-29,,True,星期六、星期日,
2018-08-04,,True,星期六、星期日,
2018-08-05,,True,星期六、星期日,
2018-08-11,,True,星期六、星期日,
2018-08-12,,True,星期六、星期日,
2018-08-18,,True,星期六、星期日,
2018-08-19,,True,星期六、星期日,
2018-08-25,,True,星期六、星期日,
2018-08-26,,True,星期六、星期日,
2018-09-01,,True,星期六、星期日,
2018-09-02,,True,星期六、星期日,
2018-09-08,,True,星期六、星期日,
2018-09-09,,True,星期六、星期日,
2018-09-15,,True,星期六、星期日,
2018-09-16,,True,星期六、星期日,
2018-09-22,,True,星期六、星期日,
2018-09-23,,True,星期六、星期日,
2018-09-24,中秋節,True,放假之紀念日及節日,全國各機關學校放假一日。
2018-09-29,,True,星期六、星期日,
2018-09-30,,True,星期六、星期日,
2018-10-06,,True,星期六、星期日,
2018-10-07,,True,星期六、星期日,
2018-10-10,國慶日,True,放假之紀念日及節日,全國各機關學校放假一日。
2018-10-13,,True,星期六、星期日,
2018-10-14,,True,星期六、星期日,
2018-10-20,,True,星期六、星期日,
2018-10-21,,True,星期六、星期日,
2018-10-27,,True,星期六、星期日,
2018-10-28,,True,星期六、星期日,
2018-11-03,,True,星期六、星期日,
2018-11-04,,True,星期六、星期日,
2018-11-10,,True,星期六、星期日,
2018-11-11,,True,星期六、星期日,
2018-11-17,,True,星期六、星期日,
2018-11-18,,True,星期六、星期日,
2018-11-24,,True,星期六、星期日,
2018-11-25,,True,星期六、星期日,
2018-12-01,,True,星期六、星期日,
2018-12-02,,True,星期六、星期日,
2018-12-08,,True,星期六、星期日,
2018-12-09,,True,星期六、星期日,
2018-12-15,,True,星期六、星期日,
2018-12-16,,True,星期六、星期日,
2018-12-22,,False,補行上班日,
2018-12-23,,True,星期六、星期日,
2018-12-29,,True,星期六、星期日,
2018-12-30,,True,星期六、星期日,
2018-12-31,,True,調整放假日,
2019-01-01,中華民國開國紀念日,True,放假之紀念日及節日,全國各機關學校放假一日。
2019-01-05,,True,星期六、星期日,
2019-01-06,,True,星期六、星期日,
2019-01-12,,True,星期六、星期日,
2019-01-13,,True,星期六、星期日,
2019-01-19,,False,補行上班日,
2019-01-20,,True,星期六、星期日,
2019-01-26,,True,星期六、星期日,
2019-01-27,,True,星期六、星期日,
2019-02-02,,True,星期六、星期日,
2019-02-03,,True,星期六、星期日,
2019-02-04,農曆除夕,True,放假之紀念日及節日,全國各機關學校放假一日。
2019-02-05,春節,True,放假之紀念日及節日,全國各機關學校於二月五日至二月七日放假三日，其中二月七日適逢星期四，調整二月八日為放假日，並於一月十九日補行上班一日。
2019-02-06,春節,True,放假之紀念日及節日,全國各機關學校於二月五日至二月七日放假三日，其中二月七日適逢星期四，調整二月八日為放假日，並於一月十九日補行上班一日。
2019-02-07,春節,True,放假之紀念日及節日,全國各機關學校於二月五日至二月七日放假三日，其中二月七日適逢星期四，調整二月八日為放假日，並於一月十九日補行上班一日。
2019-02-08,,True,調整放假日,
2019-02-09,,True,星期六、星期日,
2019-02-10,,True,星期六、星期日,
2019-02-16,,True,星期六、星期日,
2019-02-17,,True,星期六、星期日,
2019-02-23,,False,補行上班日,
2019-02-24,,True,星期六、星期日,
2019-02-28,和平紀念日,True,放假之紀念日及節日,全國各機關學校放假一日，適逢星期四，調整三月一日為放假日，並於二月二十三日補行上班一日。
2019-03-01,,True,調整放假日,
2019-03-02,,True,星期六、星期日,
2019-03-03,,True,星期六、星期日,
2019-03-09,,True,星期六、星期日,
2019-03-10,,True,星期六、星期日,
2019-03-16,,True,星期六、星期日,
2019-03-17,,True,星期六、星期日,
2019-03-23,,True,星期六、星期日,
2019-03-24,,True,星期六、星期日,
2019-03-30,,True,星期六、星期日,
2019-03-31,,True,星期六、星期日,
2019-04-04,兒童節,True,放假之紀念日及節日,全國各機關學校放假一日。
2019-04-05,民族掃墓節（清明節）,True,放假之紀念日及節日,全國各機關學校放假一日。
2019-04-06,,True,星期六、星期日,
2019-04-07,,True,星期六、星期日,
2019-04-13,,True,星期六、星期日,
2019-04-14,,True,星期六、星期日,
2019-04-20,,True,星期六、星期日,
2019-04-21,,True,星期六、星期日,
2019-04-27,,True,星期六、星期日,
2019-04-28,,True,星期六、星期日,
2019-05-01,勞動節,True,特定節日,勞工放假一日。
2019-05-04,,True,星期六、星期日,
2019-05-05,,True,星期六、星期日,
2019-05-11,,True,星期六、星期日,
2019-05-12,,True,星期六、星期日,
2019-05-18,,True,星期六、星期日,
2019-05-19,,True,星期六、星期日,
2019-05-25,,True,星期六、星期日,
2019-05-26,,True,星期六、星期日,
2019-06-01,,True,星期六、星期日,
2019-06-02,,True,星期六、星期日,
2019-06-07,端午節,True,放假之紀念日及節日,全國各機關學校放假一日。
2019-06-08,,True,星期六、星期日,
2019-06-09,,True,星期六、星期日,
2019-06-15,,True,星期六、星期日,
2019-06-16,,True,星期六、星期日,
2019-06-22,,True,星期六、星期日,
2019-06-23,,True,星期六、星期日,
2019-06-29,,True,星期六、星期日,
2019-06-30,,True,星期六、星期日,
2019-07-06,,True,星期六、星期日,
2019-07-07,,True,星期六、星期日,
2019-07-13,,True,星期六、星期日,
2019-07-14,,True,星期六、星期日,
2019-07-20,,True,星期六、星期日,
2019-07-21,,True,星期六、星期日,
2019-07-27,,True,星期六、星期日,
2019-07-28,,True,星期六、星期日,
2019-08-03,,True,星期六、星期日,
2019-08-04,,True,星期六、星期日,
2019-08-10,,True,星期六、星期日,
2019-08-11,,True,星期六、星期日,
2019-08-17,,True,星期六、星期日,
2019-08-18,,True,星期六、星期日,
2019-08-24,,True,星期六、星期日,
2019-08-25,,True,星期六、星期日,
2019-08-31,,True,星期六、星期日,
2019-09-01,,True,星期六、星期日,
2019-09-03,軍人節,True,特定節日,軍人依國防部規定辦理。
2019-09-07,,True,星期六、星期日,
2019-09-08,,True,星期六、星期日,
2019-09-13,中秋節,True,放假之紀念日及節日,全國各機關學校放假一日。
2019-09-14,,True,星期六、星期日,
2019-09-15,,True,星期六、星期日,
2019-09-21,,True,星期六、星期日,
2019-09-22,,True,星期六、星期日,
2019-09-28,,True,星期六、星期日,
2019-09-29,,True,星期六、星期日,
2019-10-05,,False,補行上班日,
2019-10-06,,True,星期六、星期日,
2019-10-10,國慶日,True,放假之紀念日及節日,全國各機關學校放假一日，適逢星期四，調整十月十一日為放假日，並於十月五日補行上班一日。
2019-10-11,,True,調整放假日,
2019-10-12,,True,星期六、星期日,
2019-10-13,,True,星期六、星期日,
2019-10-19,,True,星期六、星期日,
2019-10-20,,True,星期六、星期日,
2019-10-26,,True,星期六、星期日,
2019-10-27,,True,星期六、星期日,
2019-11-02,,True,星期六、星期日,
2019-11-03,,True,星期六、星期日,
2019-11-09,,True,星期六、星期日,
2019-11-10,,True,星期六、星期日,
2019-11-16,,True,星期六、星期日,
2019-11-17,,True,星期六、星期日,
2019-11-23,,True,星期六、星期日,
2019-11-24,,True,星期六、星期日,
2019-11-30,,True,星期六、星期日,
2019-12-01,,True,星期六、星期日,
2019-12-07,,True,星期六、星期日,
2019-12-08,,True,星期六、星期日,
2019-12-14,,True,星期六、星期日,
2019-12-15,,True,星期六、星期日,
2019-12-21,,True,星期六、星期日,
2019-12-22,,True,星期六、星期日,
2019-12-28,,True,星期六、星期日,
2019-12-29,,True,星期六、星期日,
2020-01-01,中華民國開國紀念日,True,放假之紀念日及節日,全國各機關學校放假一日。
2020-01-04,,True,星期六、星期日,
2020-01-05,,True,星期六、星期日,
2020-01-11,,True,星期六、星期日,
2020-01-12,,True,星期六、星期日,
2020-01-18,,True,星期六、星期日,
2020-01-19,,True,星期六、星期日,
2020-01-23,,True,調整放假日,
2020-01-24,農曆除夕,True,放假之紀念日及節日,全國各機關學校放假一日，前一日(一月二十三日)功能性調整放假，並於二月十五日補行上班一日。
2020-01-25,春節,True,放假之紀念日及節日,全國各機關學校於一月二十五日至一月二十七日放假三日，其中春節初一、初二適逢星期六、日，分別於一月二十八日及一月二十九日各補假一日。
2020-01-26,春節,True,放假之紀念日及節日,全國各機關學校於一月二十五日至一月二十七日放假三日，其中春節初一、初二適逢星期六、日，分別於一月二十八日及一月二十九日各補假一日。
2020-01-27,春節,True,放假之紀念日及節日,全國各機關學校於一月二十五日至一月二十七日放假三日，其中春節初一、初二適逢星期六、日，分別於一月二十八日及一月二十九日各補假一日。
2020-01-28,,True,補假,
2020-01-29,,True,補假,
2020-02-01,,True,星期六、星期日,
2020-02-02,,True,星期六、星期日,
2020-02-08,,True,星期六、星期日,
2020-02-09,,True,星期六、星期日,
2020-02-15,,False,補行上班日,
2020-02-16,,True,星期六、星期日,
2020-02-22,,True,星期六、星期日,
2020-02-23,,True,星期六、星期日,
2020-02-28,和平紀念日,True,放假之紀念日及節日,全國各機關學校放假一日。
2020-02-29,,True,星期六、星期日,
2020-03-01,,True,星期六、星期日,
2020-03-07,,True,星期六、星期日,
2020-03-08,,True,星期六、星期日,
2020-03-14,,True,星期六、星期日,
2020-03-15,,True,星期六、星期日,
2020-03-21,,True,星期六、星期日,
2020-03-22,,True,星期六、星期日,
2020-03-28,,True,星期六、星期日,
2020-03-29,,True,星期六、星期日,
2020-04-02,,True,補假,
2020-04-03,,True,放假之紀念日及節日,
2020-04-04,兒童節及民族掃墓節,True,放假之紀念日及節日,全國各機關學校放假一日，兒童節與民族掃墓節同一日且逢星期六，於四月二日補假一日、四月三日放假一日。
2020-04-05,,True,星期六、星期日,
2020-04-11,,True,星期六、星期日,
2020-04-12,,True,星期六、星期日,
2020-04-18,,True,星期六、星期日,
2020-04-19,,True,星期六、星期日,
2020-04-25,,True,星期六、星期日,
2020-04-26,,True,星期六、星期日,
2020-05-01,勞動節,True,特定節日,勞工放假一日。
2020-05-02,,True,星期六、星期日,
2020-05-03,,True,星期六、星期日,
2020-05-09,,True,星期六、星期日,
2020-05-10,,True,星期六、星期日,
2020-05-16,,True,星期六、星期日,
2020-05-17,,True,星期六、星期日,
2020-05-23,,True,星期六、星期日,
2020-05-24,,True,星期六、星期日,
2020-05-30,,True,星期六、星期日,
2020-05-31,,True,星期六、星期日,
2020-06-06,,True,星期六、星期日,
2020-06-07,,True,星期六、星期日,
2020-06-13,,True,星期六、星期日,
2020-06-14,,True,星期六、星期日,
2020-06-20,,False,補行上班日,
2020-06-21,,True,星期六、星期日,
2020-06-25,端午節,True,放假之紀念日及節日,全國各機關學校放假一日，適逢星期四，調整六月二十六日為放假日，並於六月二十日補行上班一日。
2020-06-26,,True,調整放假日,
2020-06-27,,True,星期六、星期日,
2020-06-28,,True,星期六、星期日,
2020-07-04,,True,星期六、星期日,
2020-07-05,,True,星期六、星期日,
2020-07-11,,True,星期六、星期日,
2020-07-12,,True,星期六、星期日,
2020-07-18,,True,星期六、星期日,
2020-07-19,,True,星期六、星期日,
2020-07-25,,True,星期六、星期日,
2020-07-26,,True,星期六、星期日,
2020-08-01,,True,星期六、星期日,
2020-08-02,,True,星期六、星期日,
2020-08-08,,True,星期六、星期日,
2020-08-09,,True,星期六、星期日,
2020-08-15,,True,星期六、星期日,
2020-08-16,,True,星期六、星期日,
2020-08-22,,True,星期六、星期日,
2020-08-23,,True,星期六、星期日,
2020-08-29,,True,星期六、星期日,
2020-08-30,,True,星期六、星期日,
2020-09-03,軍人節,True,特定節日,軍人依國防部規定辦理。
2020-09-05,,True,星期六、星期日,
2020-09-06,,True,星期六、星期日,
2020-09-12,,True,星期六、星期日,
2020-09-13,,True,星期六、星期日,
2020-09-19,,True,星期六、星期日,
2020-09-20,,True,星期六、星期日,
2020-09-26,,False,補行上班日,
2020-09-27,,True,星期六、星期日,
2020-10-01,中秋節,True,放假之紀念日及節日,全國各機關學校放假一日，適逢星期四，調整十月二日為放假日，並於九月二十六日補行上班一日。
2020-10-02,,True,調整放假日,
2020-10-03,,True,星期六、星期日,
2020-10-04,,True,星期六、星期日,
2020-10-09,,True,補假,
2020-10-10,國慶日,True,放假之紀念日及節日,全國各機關學校放假一日，適逢星期六，於十月九日補假一日。
2020-10-11,,True,星期六、星期日,
2020-10-17,,True,星期六、星期日,
2020-10-18,,True,星期六、星期日,
2020-10-24,,True,星期六、星期日,
2020-10-25,,True,星期六、星期日,
2020-10-31,,True,星期六、星期日,
2020-11-01,,True,星期六、星期日,
2020-11-07,,True,星期六、星期日,
2020-11-08,,True,星期六、星期日,
2020-11-14,,True,星期六、星期日,
2020-11-15,,True,星期六、星期日,
2020-11-21,,True,星期六、星期日,
2020-11-22,,True,星期六、星期日,
2020-11-28,,True,星期六、星期日,
2020-11-29,,True,星期六、星期日,
2020-12-05,,True,星期六、星期日,
2020-12-06,,True,星期六、星期日,
2020-12-12,,True,星期六、星期日,
2020-12-13,,True,星期六、星期日,
2020-12-19,,True,星期六、星期日,
2020-12-20,,True,星期六、星期日,
2020-12-26,,True,星期六、星期日,
2020-12-27,,True,星期六、星期日,
2021-01-01,,True,開國紀念日,
2021-01-02,,True,星期六、星期日,
2021-01-03,,True,星期六、星期日,
2021-01-09,,True,星期六、星期日,
2021-01-10,,True,星期六、星期日,
2021-01-16,,True,星期六、星期日,
2021-01-17,,True,星期六、星期日,
2021-01-23,,True,星期六、星期日,
2021-01-24,,True,星期六、星期日,
2021-01-30,,True,星期六、星期日,
2021-01-31,,True,星期六、星期日,
2021-02-06,,True,星期六、星期日,
2021-02-07,,True,星期六、星期日,
2021-02-10,,True,調整放假,
2021-02-11,,True,農曆除夕,
2021-02-12,,True,春節,
2021-02-13,,True,星期六、星期日,
2021-02-14,,True,星期六、星期日,
2021-02-15,,True,補假,
2021-02-16,,True,補假,
2021-02-20,,False,補行上班,
2021-02-21,,True,星期六、星期日,
2021-02-27,,True,星期六、星期日,
2021-02-28,,True,星期六、星期日,
2021-03-01,,True,補假,
2021-03-06,,True,星期六、星期日,
2021-03-07,,True,星期六、星期日,
2021-03-13,,True,星期六、星期日,
2021-03-14,,True,星期六、星期日,
2021-03-20,,True,星期六、星期日,
2021-03-21,,True,星期六、星期日,
2021-03-27,,True,星期六、星期日,
2021-03-28,,True,星期六、星期日,
2021-04-02,,True,補假,
2021-04-03,,True,星期六、星期日,
2021-04-04,,True,星期六、星期日,
2021-04-05,,True,補假,
2021-04-10,,True,星期六、星期日,
2021-04-11,,True,星期六、星期日,
2021-04-17,,True,星期六、星期日,
2021-04-18,,True,星期六、星期日,
2021-04-24,,True,星期六、星期日,
2021-04-25,,True,星期六、星期日,
2021-05-01,,True,星期六、星期日,
2021-05-02,,True,星期六、星期日,
2021-05-08,,True,星期六、星期日,
2021-05-09,,True,星期六、星期日,
2021-05-15,,True,星期六、星期日,
2021-05-16,,True,星期六、星期日,
2021-05-22,,True,星期六、星期日,
2021-05-23,,True,星期六、星期日,
2021-05-29,,True,星期六、星期日,
2021-05-30,,True,星期六、星期日,
2021-06-05,,True,星期六、星期日,
2021-06-06,,True,星期六、星期日,
2021-06-12,,True,星期六、星期日,
2021-06-13,,True,星期六、星期日,
2021-06-14,,True,端午節,
2021-06-19,,True,星期六、星期日,
2021-06-20,,True,星期六、星期日,
2021-06-26,,True,星期六、星期日,
2021-06-27,,True,星期六、星期日,
2021-07-03,,True,星期六、星期日,
2021-07-04,,True,星期六、星期日,
2021-07-10,,True,星期六、星期日,
2021-07-11,,True,星期六、星期日,
2021-07-17,,True,星期六、星期日,
2021-07-18,,True,星期六、星期日,
2021-07-24,,True,星期六、星期日,
2021-07-25,,True,星期六、星期日,
2021-07-31,,True,星期六、星期日,
2021-08-01,,True,星期六、星期日,
2021-08-07,,True,星期六、星期日,
2021-08-08,,True,星期六、星期日,
2021-08-14,,True,星期六、星期日,
2021-08-15,,True,星期六、星期日,
2021-08-21,,True,星期六、星期日,
2021-08-22,,True,星期六、星期日,
2021-08-28,,True,星期六、星期日,
2021-08-29,,True,星期六、星期日,
2021-09-04,,True,星期六、星期日,
2021-09-05,,True,星期六、星期日,
2021-09-11,,False,補行上班,
2021-09-12,,True,星期六、星期日,
2021-09-18,,True,星期六、星期日,
2021-09-19,,True,星期六、星期日,
2021-09-20,,True,調整放假,
2021-09-21,,True,中秋節,
2021-09-25,,True,星期六、星期日,
2021-09-26,,True,星期六、星期日,
2021-10-02,,True,星期六、星期日,
2021-10-03,,True,星期六、星期日,
2021-10-09,,True,星期六、星期日,
2021-10-10,,True,星期六、星期日,
2021-10-11,,True,補假,
2021-10-16,,True,星期六、星期日,
2021-10-17,,True,星期六、星期日,
2021-10-23,,True,星期六、星期日,
2021-10-24,,True,星期六、星期日,
2021-10-30,,True,星期六、星期日,
2021-10-31,,True,星期六、星期日,
2021-11-06,,True,星期六、星期日,
2021-11-07,,True,星期六、星期日,
2021-11-13,,True,星期六、星期日,
2021-11-14,,True,星期六、星期日,
2021-11-20,,True,星期六、星期日,
2021-11-21,,True,星期六、星期日,
2021-11-27,,True,星期六、星期日,
2021-11-28,,True,星期六、星期日,
2021-12-04,,True,星期六、星期日,
2021-12-05,,True,星期六、星期日,
2021-12-11,,True,星期六、星期日,
2021-12-12,,True,星期六、星期日,
2021-12-18,,True,星期六、星期日,
2021-12-19,,True,星期六、星期日,
2021-12-25,,True,星期六、星期日,
2021-12-26,,True,星期六、星期日,
2021-12-31,,True,補假,
2022-01-01,,True,開國紀念日,
2022-01-02,,True,星期六、星期日,
2022-01-08,,True,星期六、星期日,
2022-01-09,,True,星期六、星期日,
2022-01-15,,True,星期六、星期日,
2022-01-16,,True,星期六、星期日,
2022-01-22,,False,補行上班,
2022-01-23,,True,星期六、星期日,
2022-01-29,,True,星期六、星期日,
2022-01-30,,True,星期六、星期日,
2022-01-31,,True,農曆除夕,
2022-02-01,,True,春節,
2022-02-02,,True,春節,
2022-02-03,,True,春節,
2022-02-04,,True,調整放假,
2022-02-05,,True,星期六、星期日,
2022-02-06,,True,星期六、星期日,
2022-02-12,,True,星期六、星期日,
2022-02-13,,True,星期六、星期日,
2022-02-19,,True,星期六、星期日,
2022-02-20,,True,星期六、星期日,
2022-02-26,,True,星期六、星期日,
2022-02-27,,True,星期六、星期日,
2022-02-28,,True,和平紀念日,
2022-03-05,,True,星期六、星期日,
2022-03-06,,True,星期六、星期日,
2022-03-12,,True,星期六、星期日,
2022-03-13,,True,星期六、星期日,
2022-03-19,,True,星期六、星期日,
2022-03-20,,True,星期六、星期日,
2022-03-26,,True,星期六、星期日,
2022-03-27,,True,星期六、星期日,
2022-04-02,,True,星期六、星期日,
2022-04-03,,True,星期六、星期日,
2022-04-04,,True,兒童節,
2022-04-05,,True,民族掃墓節,
2022-04-09,,True,星期六、星期日,
2022-04-10,,True,星期六、星期日,
2022-04-16,,True,星期六、星期日,
2022-04-17,,True,星期六、星期日,
2022-04-23,,True,星期六、星期日,
2022-04-24,,True,星期六、星期日,
2022-04-30,,True,星期六、星期日,
2022-05-01,,True,星期六、星期日,
2022-05-07,,True,星期六、星期日,
2022-05-08,,True,星期六、星期日,
2022-05-14,,True,星期六、星期日,
2022-05-15,,True,星期六、星期日,
2022-05-21,,True,星期六、星期日,
2022-05-22,,True,星期六、星期日,
2022-05-28,,True,星期六、星期日,
2022-05-29,,True,星期六、星期日,
2022-06-03,,True,端午節,
2022-06-04,,True,星期六、星期日,
2022-06-05,,True,星期六、星期日,
2022-06-11,,True,星期六、星期日,
2022-06-12,,True,星期六、星期日,
2022-06-18,,True,星期六、星期日,
2022-06-19,,True,星期六、星期日,
2022-06-25,,True,星期六、星期日,
2022-06-26,,True,星期六、星期日,
2022-07-02,,True,星期六、星期日,
2022-07-03,,True,星期六、星期日,
2022-07-09,,True,星期六、星期日,
2022-07-10,,True,星期六、星期日,
2022-07-16,,True,星期六、星期日,
2022-07-17,,True,星期六、星期日,
2022-07-23,,True,星期六、星期日,
2022-07-24,,True,星期六、星期日,
2022-07-30,,True,星期六、星期日,
2022-07-31,,True,星期六、星期日,
2022-08-06,,True,星期六、星期日,
2022-08-07,,True,星期六、星期日,
2022-08-13,,True,星期六、星期日,
2022-08-14,,True,星期六、星期日,
2022-08-20,,True,星期六、星期日,
2022-08-21,,True,星期六、星期日,
2022-08-27,,True,星期六、星期日,
2022-08-28,,True,星期六、星期日,
2022-09-03,,True,星期六、星期日,
2022-09-04,,True,星期六、星期日,
2022-09-09,,True,補假,
2022-09-10,,True,中秋節,
2022-09-11,,True,星期六、星期日,
2022-09-17,,True,星期六、星期日,
2022-09-18,,True,星期六、星期日,
2022-09-24,,True,星期六、星期日,
2022-09-25,,True,星期六、星期日,
2022-10-01,,True,星期六、星期日,
2022-10-02,,True,星期六、星期日,
2022-10-08,,True,星期六、星期日,
2022-10-09,,True,星期六、星期日,
2022-10-10,,True,國慶日,
2022-10-15,,True,星期六、星期日,
2022-10-16,,True,星期六、星期日,
2022-10-22,,True,星期六、星期日,
2022-10-23,,True,星期六、星期日,
2022-10-29,,True,星期六、星期日,
2022-10-30,,True,星期六、星期日,
2022-11-05,,True,星期六、星期日,
2022-11-06,,True,星期六、星期日,
2022-11-12,,True,星期六、星期日,
2022-11-13,,True,星期六、星期日,
2022-11-19,,True,星期六、星期日,
2022-11-20,,True,星期六、星期日,
2022-11-26,,True,星期六、星期日,
2022-11-27,,True,星期六、星期日,
2022-12-03,,True,星期六、星期日,
2022-12-04,,True,星期六、星期日,
2022-12-10,,True,星期六、星期日,
2022-12-11,,True,星期六、星期日,
2022-12-17,,True,星期六、星期日,
2022-12-18,,True,星期六、星期日,
2022-12-24,,True,星期六、星期日,
2022-12-25,,True,星期六、星期日,
2022-12-31,,True,星期六、星期日,
2023-01-01,,True,開國紀念日,
2023-01-02,,True,補假,
2023-01-07,,False,補行上班,
2023-01-08,,True,星期六、星期日,
2023-01-14,,True,星期六、星期日,
2023-01-15,,True,星期六、星期日,
2023-01-20,,True,小年夜,
2023-01-21,,True,農曆除夕,
2023-01-22,,True,春節,
2023-01-23,,True,春節,
2023-01-24,,True,春節,
2023-01-25,,True,補假,
2023-01-26,,True,補假,
2023-01-27,,True,調整放假,
2023-01-28,,True,星期六、星期日,
2023-01-29,,True,星期六、星期日,
2023-02-04,,False,補行上班,
2023-02-05,,True,星期六、星期日,
2023-02-11,,True,星期六、星期日,
2023-02-12,,True,星期六、星期日,
2023-02-18,,False,補行上班,
2023-02-19,,True,星期六、星期日,
2023-02-25,,True,星期六、星期日,
2023-02-26,,True,星期六、星期日,
2023-02-27,,True,調整放假,
2023-02-28,,True,和平紀念日,
2023-03-04,,True,星期六、星期日,
2023-03-05,,True,星期六、星期日,
2023-03-11,,True,星期六、星期日,
2023-03-12,,True,星期六、星期日,
2023-03-18,,True,星期六、星期日,
2023-03-19,,True,星期六、星期日,
2023-03-25,,False,補行上班,
2023-03-26,,True,星期六、星期日,
2023-04-01,,True,星期六、星期日,
2023-04-02,,True,星期六、星期日,
2023-04-03,,True,調整放假,
2023-04-04,,True,兒童節,
2023-04-05,,True,民族掃墓節,
2023-04-08,,True,星期六、星期日,
2023-04-09,,True,星期六、星期日,
2023-04-15,,True,星期六、星期日,
2023-04-16,,True,星期六、星期日,
2023-04-22,,True,星期六、星期日,
2023-04-23,,True,星期六、星期日,
2023-04-29,,True,星期六、星期日,
2023-04-30,,True,星期六、星期日,
2023-05-06,,True,星期六、星期日,
2023-05-07,,True,星期六、星期日,
2023-05-13,,True,星期六、星期日,
2023-05-14,,True,星期六、星期日,
2023-05-20,,True,星期六、星期日,
2023-05-21,,True,星期六、星期日,
2023-05-27,,True,星期六、星期日,
2023-05-28,,True,星期六、星期日,
2023-06-03,,True,星期六、星期日,
2023-06-04,,True,星期六、星期日,
2023-06-10,,True,星期六、星期日,
2023-06-11,,True,星期六、星期日,
2023-06-17,,False,補行上班,
2023-06-18,,True,星期六、星期日,
2023-06-22,,True,端午節,
2023-06-23,,True,調整放假,
2023-06-24,,True,星期六、星期日,
2023-06-25,,True,星期六、星期日,
2023-07-01,,True,星期六、星期日,
2023-07-02,,True,星期六、星期日,
2023-07-08,,True,星期六、星期日,
2023-07-09,,True,星期六、星期日,
2023-07-15,,True,星期六、星期日,
2023-07-16,,True,星期六、星期日,
2023-07-22,,True,星期六、星期日,
2023-07-23,,True,星期六、星期日,
2023-07-29,,True,星期六、星期日,
2023-07-30,,True,星期六、星期日,
2023-08-05,,True,星期六、星期日,
2023-08-06,,True,星期六、星期日,
2023-08-12,,True,星期六、星期日,
2023-08-13,,True,星期六、星期日,
2023-08-19,,True,星期六、星期日,
2023-08-20,,True,星期六、星期日,
2023-08-26,,True,星期六、星期日,
2023-08-27,,True,星期六、星期日,
2023-09-02,,True,星期六、星期日,
2023-09-03,,True,星期六、星期日,
2023-09-09,,True,星期六、星期日,
2023-09-10,,True,星期六、星期日,
2023-09-16,,True,星期六、星期日,
2023-09-17,,True,星期六、星期日,
2023-09-23,,False,補行上班,
2023-09-24,,True,星期六、星期日,
2023-09-29,,True,中秋節,
2023-09-30,,True,星期六、星期日,
2023-10-01,,True,星期六、星期日,
2023-10-07,,True,星期六、星期日,
2023-10-08,,True,星期六、星期日,
2023-10-09,,True,調整放假,
2023-10-10,,True,國慶日,
2023-10-14,,True,星期六、星期日,
2023-10-15,,True,星期六、星期日,
2023-10-21,,True,星期六、星期日,
2023-10-22,,True,星期六、星期日,
2023-10-28,,True,星期六、星期日,
2023-10-29,,True,星期六、星期日,
2023-11-04,,True,星期六、星期日,
2023-11-05,,True,星期六、星期日,
2023-11-11,,True,星期六、星期日,
2023-11-12,,True,星期六、星期日,
2023-11-18,,True,星期六、星期日,
2023-11-19,,True,星期六、星期日,
2023-11-25,,True,星期六、星期日,
2023-11-26,,True,星期六、星期日,
2023-12-02,,True,星期六、星期日,
2023-12-03,,True,星期六、星期日,
2023-12-09,,True,星期六、星期日,
2023-12-10,,True,星期六、星期日,
2023-12-16,,True,星期六、星期日,
2023-12-17,,True,星期六、星期日,
2023-12-23,,True,星期六、星期日,
2023-12-24,,True,星期六、星期日,
2023-12-30,,True,星期六、星期日,
2023-12-31,,True,星期六、星期日,
2024-01-01,,True,開國紀念日,
2024-01-06,,True,星期六、星期日,
2024-01-07,,True,星期六、星期日,
2024-01-13,,True,星期六、星期日,
2024-01-14,,True,星期六、星期日,
2024-01-20,,True,星期六、星期日,
2024-01-21,,True,星期六、星期日,
2024-01-27,,True,星期六、星期日,
2024-01-28,,True,星期六、星期日,
2024-02-03,,True,星期六、星期日,
2024-02-04,,True,星期六、星期日,
2024-02-08,,True,小年夜,
2024-02-09,,True,農曆除夕,
2024-02-10,,True,春節,
2024-02-11,,True,春節,
2024-02-12,,True,春節,
2024-02-13,,True,補假,
2024-02-14,,True,補假,
2024-02-17,,False,補行上班,
2024-02-18,,True,星期六、星期日,
2024-02-24,,True,星期六、星期日,
2024-02-25,,True,星期六、星期日,
2024-02-28,,True,和平紀念日,
2024-03-02,,True,星期六、星期日,
2024-03-03,,True,星期六、星期日,
2024-03-09,,True,星期六、星期日,
2024-03-10,,True,星期六、星期日,
2024-03-16,,True,星期六、星期日,
2024-03-17,,True,星期六、星期日,
2024-03-23,,True,星期六、星期日,
2024-03-24,,True,星期六、星期日,
2024-03-30,,True,星期六、星期日,
2024-03-31,,True,星期六、星期日,
2024-04-04,,True,兒童節及民族掃墓節,
2024-04-05,,True,補假,
2024-04-06,,True,星期六、星期日,
2024-04-07,,True,星期六、星期日,
2024-04-13,,True,星期六、星期日,
2024-04-14,,True,星期六、星期日,
2024-04-20,,True,星期六、星期日,
2024-04-21,,True,星期六、星期日,
2024-04-27,,True,星期六、星期日,
2024-04-28,,True,星期六、星期日,
2024-05-04,,True,星期六、星期日,
2024-05-05,,True,星期六、星期日,
2024-05-11,,True,星期六、星期日,
2024-05-12,,True,星期六、星期日,
2024-05-18,,True,星期六、星期日,
2024-05-19,,True,星期六、星期日,
2024-05-25,,True,星期六、星期日,
2024-05-26,,True,星期六、星期日,
2024-06-01,,True,星期六、星期日,
2024-06-02,,True,星期六、星期日,
2024-06-08,,True,星期六、星期日,
2024-06-09,,True,星期六、星期日,
2024-06-10,,True,端午節,
2024-06-15,,True,星期六、星期日,
2024-06-16,,True,星期六、星期日,
2024-06-22,,True,星期六、星期日,
2024-06-23,,True,星期六、星期日,
2024-06-29,,True,星期六、星期日,
2024-06-30,,True,星期六、星期日,
2024-07-06,,True,星期六、星期日,
2024-07-07,,True,星期六、星期日,
2024-07-13,,True,星期六、星期日,
2024-07-14,,True,星期六、星期日,
2024-07-20,,True,星期六、星期日,
2024-07-21,,True,星期六、星期日,
2024-07-27,,True,星期六、星期日,
2024-07-28,,True,星期六、星期日,
2024-08-03,,True,星期六、星期日,
2024-08-04,,True,星期六、星期日,
2024-08-10,,True,星期六、星期日,
2024-08-11,,True,星期六、星期日,
2024-08-17,,True,星期六、星期日,
2024-08-18,,True,星期六、星期日,
2024-08-24,,True,星期六、星期日,
2024-08-25,,True,星期六、星期日,
2024-08-31,,True,星期六、星期日,
2024-09-01,,True,星期六、星期日,
2024-09-07,,True,星期六、星期日,
2024-09-08,,True,星期六、星期日,
2024-09-14,,True,星期六、星期日,
2024-09-15,,True,星期六、星期日,
2024-09-17,,True,中秋節,
2024-09-21,,True,星期六、星期日,
2024-09-22,,True,星期六、星期日,
2024-09-28,,True,星期六、星期日,
2024-09-29,,True,星期六、星期日,
2024-10-05,,True,星期六、星期日,
2024-10-06,,True,星期六、星期日,
2024-10-10,,True,國慶日,
2024-10-12,,True,星期六、星期日,
2024-10-13,,True,星期六、星期日,
2024-10-19,,True,星期六、星期日,
2024-10-20,,True,星期六、星期日,
2024-10-26,,True,星期六、星期日,
2024-10-27,,True,星期六、星期日,
2024-11-02,,True,星期六、星期日,
2024-11-03,,True,星期六、星期日,
2024-11-09,,True,星期六、星期日,
2024-11-10,,True,星期六、星期日,
2024-11-16,,True,星期六、星期日,
2024-11-17,,True,星期六、星期日,
2024-11-23,,True,星期六、星期日,
2024-11-24,,True,星期六、星期日,
2024-11-30,,True,星期六、星期日,
2024-12-01,,True,星期六、星期日,
2024-12-07,,True,星期六、星期日,
2024-12-08,,True,星期六、星期日,
2024-12-14,,True,星期六、星期日,
2024-12-15,,True,星期六、星期日,
2024-12-21,,True,星期六、星期日,
2024-12-22,,True,星期六、星期日,
2024-12-28,,True,星期六、星期日,
2024-12-29,,True,星期六、星期日,
2025-01-01,,True,開國紀念日,
2025-01-04,,True,星期六、星期日,
2025-01-05,,True,星期六、星期日,
2025-01-11,,True,星期六、星期日,
2025-01-12,,True,星期六、星期日,
2025-01-18,,True,星期六、星期日,
2025-01-19,,True,星期六、星期日,
2025-01-25,,True,星期六、星期日,
2025-01-26,,True,星期六、星期日,
2025-01-27,,True,小年夜,
2025-01-28,,True,農曆除夕,
2025-01-29,,True,春節,
2025-01-30,,True,春節,
2025-01-31,,True,春節,
2025-02-01,,True,星期六、星期日,
2025-02-02,,True,星期六、星期日,
2025-02-09,,True,星期六、星期日,
2025-02-15,,True,星期六、星期日,
2025-02-16,,True,星期六、星期日,
2025-02-22,,True,星期六、星期日,
2025-02-23,,True,星期六、星期日,
2025-02-28,,True,和平紀念日,
2025-03-01,,True,星期六、星期日,
2025-03-02,,True,星期六、星期日,
2025-03-08,,True,星期六、星期日,
2025-03-09,,True,星期六、星期日,
2025-03-15,,True,星期六、星期日,
2025-03-16,,True,星期六、星期日,
2025-03-22,,True,星期六、星期日,
2025-03-23,,True,星期六、星期日,
2025-03-29,,True,星期六、星期日,
2025-03-30,,True,星期六、星期日,
2025-04-03,,True,補假,
2025-04-04,,True,兒童節及民族掃墓節,
2025-04-05,,True,星期六、星期日,
2025-04-06,,True,星期六、星期日,
2025-04-12,,True,星期六、星期日,
2025-04-13,,True,星期六、星期日,
2025-04-19,,True,星期六、星期日,
2025-04-20,,True,星期六、星期日,
2025-04-26,,True,星期六、星期日,
2025-04-27,,True,星期六、星期日,
2025-05-03,,True,星期六、星期日,
2025-05-04,,True,星期六、星期日,
2025-05-10,,True,星期六、星期日,
2025-05-11,,True,星期六、星期日,
2025-05-17,,True,星期六、星期日,
2025-05-18,,True,星期六、星期日,
2025-05-24,,True,星期六、星期日,
2025-05-25,,True,星期六、星期日,
2025-05-30,,True,補假,
2025-05-31,,True,星期六、星期日,
2025-06-01,,True,星期六、星期日,
2025-06-07,,True,星期六、星期日,
2025-06-08,,True,星期六、星期日,
2025-06-14,,True,星期六、星期日,
2025-06-15,,True,星期六、星期日,
2025-06-21,,True,星期六、星期日,
2025-06-22,,True,星期六、星期日,
2025-06-28,,True,星期六、星期日,
2025-06-29,,True,星期六、星期日,
2025-07-05,,True,星期六、星期日,
2025-07-06,,True,星期六、星期日,
2025-07-12,,True,星期六、星期日,
2025-07-13,,True,星期六、星期日,
2025-07-19,,True,星期六、星期日,
2025-07-20,,True,星期六、星期日,
2025-07-26,,True,星期六、星期日,
2025-07-27,,True,星期六、星期日,
2025-08-02,,True,星期六、星期日,
2025-08-03,,True,星期六、星期日,
2025-08-09,,True,星期六、星期日,
2025-08-10,,True,星期六、星期日,
2025-08-16,,True,星期六、星期日,
2025-08-17,,True,星期六、星期日,
2025-08-23,,True,星期六、星期日,
2025-08-24,,True,星期六、星期日,
2025-08-30,,True,星期六、星期日,
2025-08-31,,True,星期六、星期日,
2025-09-06,,True,星期六、星期日,
2025-09-07,,True,星期六、星期日,
2025-09-13,,True,星期六、星期日,
2025-09-14,,True,星期六、星期日,
2025-09-20,,True,星期六、星期日,
2025-09-21,,True,星期六、星期日,
2025-09-27,,True,星期六、星期日,
2025-09-28,,True,星期六、星期日,
2025-10-04,,True,星期六、星期日,
2025-10-05,,True,星期六、星期日,
2025-10-06,,True,中秋節,
2025-10-10,,True,國慶日,
2025-10-11,,True,星期六、星期日,
2025-10-12,,True,星期六、星期日,
2025-10-18,,True,星期六、星期日,
2025-10-19,,True,星期六、星期日,
2025-10-25,,True,星期六、星期日,
2025-10-26,,True,星期六、星期日,
2025-11-01,,True,星期六、星期日,
2025-11-02,,True,星期六、星期日,
2025-11-08,,True,星期六、星期日,
2025-11-09,,True,星期六、星期日,
2025-11-15,,True,星期六、星期日,
2025-11-16,,True,星期六、星期日,
2025-11-22,,True,星期六、星期日,
2025-11-23,,True,星期六、星期日,
2025-11-29,,True,星期六、星期日,
2025-11-30,,True,星期六、星期日,
2025-12-06,,True,星期六、星期日,
2025-12-07,,True,星期六、星期日,
2025-12-13,,True,星期六、星期日,
2025-12-14,,True,星期六、星期日,
2025-12-20,,True,星期六、星期日,
2025-12-21,,True,星期六、星期日,
2025-12-27,,True,星期六、星期日,
2025-12-28,,True,星期六、星期日
