target,label,mode,origin_yw,target_yw,target_week_start,h,median,q10,q20,q30,q40,q50,q60,q70,q80,q90,summer_break,winter_break,reopen,holiday_days,cny
ev_oe,全國腸病毒門急診就診人次（健保門診 + RODS 急診）,joint,202638,202639,2026-09-27,1,9761.107421875,8838.4013671875,9178.111328125,9412.740234375,9573.048828125,9761.107421875,9964.275390625,10157.900390625,10426.6064453125,11019.392578125,0,0,0,1,0
ev_oe,全國腸病毒門急診就診人次（健保門診 + RODS 急診）,joint,202638,202640,2026-10-04,2,9699.0,8078.46826171875,8654.6240234375,9062.4833984375,9393.2685546875,9699.0,10027.9599609375,10416.072265625,10932.5703125,11844.7529296875,0,0,0,1,0
ev_oe,全國腸病毒門急診就診人次（健保門診 + RODS 急診）,joint,202638,202641,2026-10-11,3,10087.3046875,7821.67431640625,8617.59375,9177.6708984375,9649.900390625,10087.3046875,10548.76171875,11096.24609375,11777.875,13071.0234375,0,0,0,0,0
ev_oe,全國腸病毒門急診就診人次（健保門診 + RODS 急診）,joint,202638,202642,2026-10-18,4,10647.146484375,7841.07177734375,8792.4560546875,9491.3876953125,10096.751953125,10647.146484375,11240.607421875,11905.3974609375,12749.8525390625,14273.6884765625,0,0,0,0,0
ev_out,全國腸病毒健保門診就診人次,joint,202638,202639,2026-09-27,1,9269.845703125,8308.5029296875,8658.63671875,8903.4609375,9078.130859375,9269.845703125,9473.427734375,9668.8671875,9935.529296875,10498.36328125,0,0,0,1,0
ev_out,全國腸病毒健保門診就診人次,joint,202638,202640,2026-10-04,2,9204.609375,7602.1083984375,8174.587890625,8581.78515625,8907.1875,9204.609375,9523.3046875,9891.0966796875,10374.94921875,11222.8544921875,0,0,0,1,0
ev_out,全國腸病毒健保門診就診人次,joint,202638,202641,2026-10-11,3,9618.587890625,7433.06298828125,8209.421875,8752.720703125,9200.84765625,9618.587890625,10057.8134765625,10569.669921875,11206.0458984375,12374.53125,0,0,0,0,0
ev_out,全國腸病毒健保門診就診人次,joint,202638,202642,2026-10-18,4,10180.8212890625,7500.9013671875,8421.6806640625,9094.52734375,9663.544921875,10180.8212890625,10736.9033203125,11356.841796875,12132.765625,13509.4716796875,0,0,0,0,0
ev_rods,RODS 急診腸病毒就診人次,joint,202638,202639,2026-09-27,1,503.361083984375,450.2723083496094,469.3907165527344,482.2861328125,492.67266845703125,503.361083984375,514.5975341796875,525.3655395507812,540.4955444335938,569.7650756835938,0,0,0,1,0
ev_rods,RODS 急診腸病毒就診人次,joint,202638,202640,2026-10-04,2,537.684326171875,452.281005859375,483.92218017578125,504.641845703125,521.6585083007812,537.684326171875,555.0570678710938,575.4320678710938,602.2242431640625,648.2254638671875,0,0,0,1,0
ev_rods,RODS 急診腸病毒就診人次,joint,202638,202641,2026-10-11,3,489.69964599609375,378.4447937011719,416.8208312988281,444.19036865234375,467.513916015625,489.69964599609375,513.9100952148438,540.0127563476562,573.166748046875,633.11474609375,0,0,0,0,0
ev_rods,RODS 急診腸病毒就診人次,joint,202638,202642,2026-10-18,4,499.4471435546875,368.9107971191406,411.64276123046875,444.2027587890625,472.9952392578125,499.4471435546875,529.15673828125,560.7658081054688,601.3892822265625,672.9150390625,0,0,0,0,0
